station_id,latitude,longitude
GHCND:AG000060390,36.7167,3.25
GHCND:AG000060590,30.5667,2.8667
GHCND:AG000060611,28.05,9.6331
GHCND:AG000060680,22.8,5.4331
GHCND:AJ000037575,41.55,46.667
GHCND:AJ000037579,41.7,46.8
GHCND:AJ000037605,41.3,45.6
GHCND:AJ000037636,41.3,45.5
GHCND:AJ000037639,41.133,45.417
GHCND:AJ000037656,41.2,46.8
GHCND:AJ000037661,41.217,47.167
GHCND:AJ000037668,41.1,47.5
GHCND:AJ000037673,41.5,48.8
GHCND:AJ000037674,41.2,48.2
GHCND:AJ000037675,41.367,48.517
GHCND:AJ000037679,41.1,49.2
GHCND:AJ000037729,40.7,45.8
GHCND:AJ000037734,40.8,46
GHCND:AJ000037735,40.7167,46.4167
GHCND:AJ000037740,40.983,47.867
GHCND:AJ000037744,40.767,47.05
GHCND:AJ000037749,40.65,47.75
GHCND:AJ000037753,40.867,48.933
GHCND:AJ000037756,40.533,48.933
GHCND:AJ000037759,40.633,48.633
GHCND:AJ000037769,40.6,49.633
GHCND:AJ000037813,40.3,45.9
GHCND:AJ000037816,40.5,46.1
GHCND:AJ000037825,40.4,46.3
GHCND:AJ000037831,40.4,47
GHCND:AJ000037835,40.2,47.7
GHCND:AJ000037844,40.333,48.167
GHCND:AJ000037849,40.017,48.917
GHCND:AJ000037850,40.4,49.8
GHCND:AJ000037860,40.533,50
GHCND:AJ000037861,40.2,50.9
GHCND:AJ000037866,40.467,50.317
GHCND:AJ000037869,40.3,50.6
GHCND:AJ000037883,39.9,45.9
GHCND:AJ000037893,39.9,46.9
GHCND:AJ000037895,39.983,46.75
GHCND:AJ000037898,39.7,46.5
GHCND:AJ000037899,39.767,46.75
GHCND:AJ000037901,39.8,47.1
GHCND:AJ000037902,39.8,47.5
GHCND:AJ000037905,39.767,47.75
GHCND:AJ000037907,39.6,47.15
GHCND:AJ000037912,39.9,48.5
GHCND:AJ000037913,39.6,48.9
GHCND:AJ000037914,39.9,48
GHCND:AJ000037922,39.8,49.6
GHCND:AJ000037923,39.967,49.4
GHCND:AJ000037925,39.4,49.25
GHCND:AJ000037936,39.2,45.417
GHCND:AJ000037941,39.4,45.6
GHCND:AJ000037946,39.1,46
GHCND:AJ000037947,38.95,45.633
GHCND:AJ000037957,38.917,46.017
GHCND:AJ000037962,39.4,47
GHCND:AJ000037968,39,46.7
GHCND:AJ000037972,39.467,48.55
GHCND:AJ000037978,39.7,48.6
GHCND:AJ000037981,38.9,48.2
GHCND:AJ000037984,38.767,48.4
GHCND:AJ000037985,38.75,48.817
GHCND:AJ000037989,38.5,48.9
GHCND:ALE00100939,41.3331,19.7831
GHCND:ALE00108905,42.1,19.5331
GHCND:AM000037686,40.78,43.83
GHCND:AM000037789,40.2,44.5
GHCND:AM000037801,40.35,45.1331
GHCND:AQC00914000,-14.31667,-170.76667
GHCND:AQC00914248,-14.221483,-169.512897
GHCND:AQC00914594,-14.33333,-170.76667
GHCND:AQW00061705,-14.33056,-170.71361
GHCND:AR000000008,-29.783,-57.983
GHCND:AR000000011,-30.267,-57.65
GHCND:AR000087007,-22.1,-65.6
GHCND:AR000087065,-24.167,-62.9
GHCND:AR000087078,-24.7,-60.583
GHCND:AR000087129,-27.767,-64.3
GHCND:AR000087155,-27.45,-59.05
GHCND:AR000087257,-29.883,-61.95
GHCND:AR000087270,-29.183,-59.7
GHCND:AR000087374,-31.783,-60.483
GHCND:AR000087418,-32.833,-68.783
GHCND:AR000087534,-34.133,-63.367
GHCND:AR000087623,-36.567,-64.266
GHCND:AR000087692,-37.933,-57.583
GHCND:AR000087715,-38.95,-68.133
GHCND:AR000087828,-43.2,-65.266
GHCND:AR000087860,-45.783,-67.5
GHCND:AR000087925,-51.617,-69.283
GHCND:AR000870470,-24.85,-65.483
GHCND:AR000875440,-35.867,-61.9
GHCND:AR000877500,-38.733,-62.167
GHCND:ARM00087022,-22.62,-63.794
GHCND:ARM00087046,-24.393,-65.098
GHCND:ARM00087162,-26.213,-58.228
GHCND:ARM00087166,-27.446,-58.762
GHCND:ARM00087178,-27.386,-55.971
GHCND:ARM00087222,-28.596,-65.752
GHCND:ARM00087244,-29.9,-63.683
GHCND:ARM00087289,-29.689,-57.152
GHCND:ARM00087311,-31.571,-68.418
GHCND:ARM00087322,-31.333,-66.6
GHCND:ARM00087349,-31.667,-63.883
GHCND:ARM00087395,-31.297,-57.997
GHCND:ARM00087416,-33.083,-68.417
GHCND:ARM00087436,-33.273,-66.356
GHCND:ARM00087448,-33.73,-65.387
GHCND:ARM00087453,-33.085,-64.261
GHCND:ARM00087467,-32.684,-62.158
GHCND:ARM00087480,-32.904,-60.785
GHCND:ARM00087497,-33.01,-58.613
GHCND:ARM00087506,-35.494,-69.574
GHCND:ARM00087509,-34.588,-68.403
GHCND:ARM00087532,-35.696,-63.758
GHCND:ARM00087548,-34.546,-60.931
GHCND:ARM00087550,-35.45,-60.883
GHCND:ARM00087576,-34.822,-58.536
GHCND:ARM00087582,-34.559,-58.416
GHCND:ARM00087593,-34.972,-57.895
GHCND:ARM00087637,-37.433,-61.883
GHCND:ARM00087679,-37.6,-62.383
GHCND:ARM00087688,-38.387,-60.33
GHCND:ARM00087765,-41.151,-71.158
GHCND:ARM00087774,-41.25,-68.733
GHCND:ARM00087784,-40.783,-65.1
GHCND:ARM00087791,-40.869,-63
GHCND:ARM00087880,-48.783,-70.167
GHCND:ARM00087896,-47.735,-65.904
GHCND:ARM00087909,-49.307,-67.803
GHCND:ARM00087934,-53.778,-67.749
GHCND:ARM00087938,-54.843,-68.296
GHCND:ASM00094998,-54.499,158.937
GHCND:ASN00001000,-16.2919,127.1956
GHCND:ASN00001005,-15.4644,128.1
GHCND:ASN00001009,-15.4875,124.5222
GHCND:ASN00001010,-14.7883,126.4964
GHCND:ASN00001012,-14.7925,125.8258
GHCND:ASN00001013,-15.4872,128.1247
GHCND:ASN00001016,-14.4861,126.7664
GHCND:ASN00001018,-16.4181,126.1025
GHCND:ASN00001021,-14.2961,126.6431
GHCND:ASN00001027,-15.6394,128.0803
GHCND:ASN00002000,-17.7569,127.9386
GHCND:ASN00002001,-16.5039,128.9172
GHCND:ASN00002003,-16.87,128.1836
GHCND:ASN00002009,-16.4203,126.4411
GHCND:ASN00002010,-18.7506,128.5842
GHCND:ASN00002012,-18.2292,127.6636
GHCND:ASN00002013,-15.69,128.6833
GHCND:ASN00002014,-15.6547,128.7092
GHCND:ASN00002015,-18.4086,127.3547
GHCND:ASN00002016,-16.6742,128.5533
GHCND:ASN00002018,-17.1792,128.1217
GHCND:ASN00002019,-18.6253,126.8617
GHCND:ASN00002020,-18.1894,127.5011
GHCND:ASN00002023,-18.0308,128.8942
GHCND:ASN00002028,-16.8181,128.8656
GHCND:ASN00002029,-19.1625,128.1633
GHCND:ASN00002031,-17.0103,128.4669
GHCND:ASN00002032,-17.0156,128.2175
GHCND:ASN00002038,-15.7828,128.7353
GHCND:ASN00002041,-17.385,128.9231
GHCND:ASN00002042,-17.3594,126.1086
GHCND:ASN00002044,-16.1119,128.7414
GHCND:ASN00002047,-17.2631,127.4617
GHCND:ASN00002048,-18.2972,128.4419
GHCND:ASN00002050,-17.7842,127.6853
GHCND:ASN00002052,-15.8367,128.7397
GHCND:ASN00002053,-17.6133,126.7442
GHCND:ASN00002056,-15.7814,128.71
GHCND:ASN00002061,-19.2353,127.7692
GHCND:ASN00002062,-18.4236,128.0314
GHCND:ASN00003000,-16.9806,122.6667
GHCND:ASN00003001,-17.2767,122.5711
GHCND:ASN00003003,-17.9475,122.2353
GHCND:ASN00003004,-16.3961,122.9278
GHCND:ASN00003005,-17.5731,125.065
GHCND:ASN00003006,-18.1919,125.5644
GHCND:ASN00003009,-18.355,125.3033
GHCND:ASN00003011,-17.7535,125.3807
GHCND:ASN00003013,-18.145,124.0275
GHCND:ASN00003014,-18.2914,125.5869
GHCND:ASN00003015,-17.3681,123.9956
GHCND:ASN00003016,-18.0358,123.9286
GHCND:ASN00003017,-17.0522,125.7047
GHCND:ASN00003018,-18.1219,124.2692
GHCND:ASN00003019,-17.3306,124.8167
GHCND:ASN00003020,-18.5,124.3992
GHCND:ASN00003022,-18.3817,125.2267
GHCND:ASN00003023,-17.9311,122.4725
GHCND:ASN00003024,-17.9464,123.7383
GHCND:ASN00003025,-16.09,123.5942
GHCND:ASN00003026,-17.6153,123.6483
GHCND:ASN00003027,-18.1386,125.7764
GHCND:ASN00003028,-19.2536,121.4861
GHCND:ASN00003030,-18.6844,121.7803
GHCND:ASN00003032,-17.3706,123.6611
GHCND:ASN00003040,-17.9903,124.1922
GHCND:ASN00003043,-18.8789,125.9206
GHCND:ASN00003048,-18.9158,125.5264
GHCND:ASN00003051,-16.7372,125.9086
GHCND:ASN00003052,-16.8206,124.9158
GHCND:ASN00003056,-18.1792,122.3583
GHCND:ASN00003057,-16.4514,123.0086
GHCND:ASN00003059,-19.0861,121.6764
GHCND:ASN00003063,-16.715,125.4586
GHCND:ASN00003066,-18.5175,121.8072
GHCND:ASN00003068,-18.5075,123.4561
GHCND:ASN00003069,-16.1306,123.7764
GHCND:ASN00003072,-16.4508,123.0653
GHCND:ASN00003073,-16.6872,123.8375
GHCND:ASN00004006,-22.1828,119.935
GHCND:ASN00004012,-20.1764,119.1906
GHCND:ASN00004015,-21.7219,119.3989
GHCND:ASN00004016,-20.7867,118.5972
GHCND:ASN00004019,-19.7419,120.8436
GHCND:ASN00004020,-21.1756,119.7497
GHCND:ASN00004023,-20.4619,119.5189
GHCND:ASN00004024,-20.5192,118.0603
GHCND:ASN00004027,-21.8861,120.1103
GHCND:ASN00004028,-20.1078,119.5811
GHCND:ASN00004031,-20.6267,117.1925
GHCND:ASN00004032,-20.3725,118.6317
GHCND:ASN00004033,-21.0561,117.4436
GHCND:ASN00004035,-20.7767,117.1456
GHCND:ASN00004036,-20.4681,119.0556
GHCND:ASN00004039,-20.9469,117.3733
GHCND:ASN00004040,-20.6472,119.5869
GHCND:ASN00004043,-21.9931,119.0131
GHCND:ASN00004046,-20.6739,120.2044
GHCND:ASN00004059,-20.8822,118.0308
GHCND:ASN00004074,-20.3422,119.5206
GHCND:ASN00004079,-21.3625,118.8783
GHCND:ASN00004083,-20.7097,116.7742
GHCND:ASN00004084,-20.4958,120.1672
GHCND:ASN00005001,-21.8047,117.8056
GHCND:ASN00005003,-22.8975,120.1733
GHCND:ASN00005004,-22.3761,114.1108
GHCND:ASN00005005,-22.2792,117.6772
GHCND:ASN00005007,-22.2406,114.0967
GHCND:ASN00005008,-21.1906,115.9797
GHCND:ASN00005009,-22.6331,119.4081
GHCND:ASN00005013,-21.9961,115.0456
GHCND:ASN00005014,-21.7869,117.8647
GHCND:ASN00005015,-22.1039,118.4703
GHCND:ASN00005016,-21.6364,115.1117
GHCND:ASN00005020,-22.6975,113.6747
GHCND:ASN00005023,-22.6217,119.9564
GHCND:ASN00005024,-21.8067,114.1072
GHCND:ASN00005026,-22.2425,118.3358
GHCND:ASN00005030,-22.5064,114.7944
GHCND:ASN00005032,-21.5703,115.8786
GHCND:ASN00005033,-22.2933,115.0342
GHCND:ASN00005040,-21.1594,116.1197
GHCND:ASN00005045,-22.685,114.3672
GHCND:ASN00005051,-21.9303,114.1256
GHCND:ASN00005052,-20.8831,116.6725
GHCND:ASN00005053,-20.6553,116.6789
GHCND:ASN00005055,-22.2275,118.345
GHCND:ASN00005058,-20.8206,115.3931
GHCND:ASN00005061,-20.7278,116.7483
GHCND:ASN00005067,-22.0894,115.6239
GHCND:ASN00005068,-22.6811,114.0394
GHCND:ASN00005069,-21.6392,116.3308
GHCND:ASN00005070,-21.3567,115.8208
GHCND:ASN00005071,-21.3444,115.9356
GHCND:ASN00005074,-22.6344,118.1119
GHCND:ASN00005076,-22.745,117.6656
GHCND:ASN00005078,-21.7672,114.8211
GHCND:ASN00005083,-20.7692,116.8603
GHCND:ASN00005087,-21.5833,117.05
GHCND:ASN00006000,-25.0417,115.3092
GHCND:ASN00006001,-27.4231,115.8347
GHCND:ASN00006003,-24.6525,113.6936
GHCND:ASN00006005,-24.8208,113.7853
GHCND:ASN00006008,-25.0481,114.0294
GHCND:ASN00006009,-23.105,113.8031
GHCND:ASN00006010,-25.6114,115.4625
GHCND:ASN00006011,-24.8878,113.67
GHCND:ASN00006012,-26.4628,113.505
GHCND:ASN00006017,-25.2786,115.8633
GHCND:ASN00006019,-24.8061,114.4322
GHCND:ASN00006020,-25.36,114.2292
GHCND:ASN00006021,-24.4508,115.6072
GHCND:ASN00006022,-25.0544,115.21
GHCND:ASN00006023,-23.8222,113.5256
GHCND:ASN00006025,-26.4008,114.1667
GHCND:ASN00006027,-25.0442,115.1331
GHCND:ASN00006029,-23.6361,115.2461
GHCND:ASN00006030,-24.6314,115.3383
GHCND:ASN00006032,-24.4733,114.5553
GHCND:ASN00006033,-23.4789,115.5481
GHCND:ASN00006034,-25.3656,114.3594
GHCND:ASN00006035,-26.7025,114.6183
GHCND:ASN00006036,-25.6644,114.6267
GHCND:ASN00006039,-23.8497,113.9714
GHCND:ASN00006040,-24.0306,115.6967
GHCND:ASN00006043,-27.37,115.6517
GHCND:ASN00006044,-25.9261,113.5319
GHCND:ASN00006045,-26.6969,113.7158
GHCND:ASN00006046,-23.1747,115.1194
GHCND:ASN00006047,-25.405,115.2267
GHCND:ASN00006050,-23.7647,114.5539
GHCND:ASN00006051,-27.9864,115.6306
GHCND:ASN00006052,-23.8608,115.1475
GHCND:ASN00006053,-25.3017,115.1161
GHCND:ASN00006054,-26.0511,114.7542
GHCND:ASN00006055,-27.7458,115.8286
GHCND:ASN00006056,-25.74,114.2847
GHCND:ASN00006058,-27.4278,115.5147
GHCND:ASN00006059,-25.9436,114.3222
GHCND:ASN00006060,-26.2011,114.2869
GHCND:ASN00006068,-25.4906,114.3981
GHCND:ASN00006069,-26.5903,115.9267
GHCND:ASN00006070,-24.3058,114.5003
GHCND:ASN00006071,-26.6167,115.5467
GHCND:ASN00006072,-23.0314,115.0414
GHCND:ASN00006079,-25.0881,114.3853
GHCND:ASN00006080,-26.2564,113.8064
GHCND:ASN00006084,-23.4853,113.7811
GHCND:ASN00006095,-24.3967,113.4056
GHCND:ASN00006103,-23.9064,114.7681
GHCND:ASN00006106,-25.0381,115.9953
GHCND:ASN00007000,-28.6294,116.2814
GHCND:ASN00007002,-26.3611,118.0283
GHCND:ASN00007006,-28.0411,117.6703
GHCND:ASN00007007,-26.9844,116.5361
GHCND:ASN00007008,-25.5067,118.7933
GHCND:ASN00007011,-28.7839,117.3625
GHCND:ASN00007012,-26.1297,118.4853
GHCND:ASN00007014,-27.2528,117.6525
GHCND:ASN00007017,-27.4233,117.8994
GHCND:ASN00007018,-27.0392,118.365
GHCND:ASN00007019,-24.0019,119.5725
GHCND:ASN00007020,-26.8764,118.1731
GHCND:ASN00007021,-27.3839,117.7453
GHCND:ASN00007023,-25.6864,119.2258
GHCND:ASN00007024,-28.2731,117.1544
GHCND:ASN00007027,-28.2494,116.34
GHCND:ASN00007028,-24.0469,116.2181
GHCND:ASN00007030,-26.1142,117.5047
GHCND:ASN00007031,-26.905,118.8361
GHCND:ASN00007034,-27.7447,116.7442
GHCND:ASN00007035,-26.8936,117.1211
GHCND:ASN00007036,-26.3475,118.9583
GHCND:ASN00007037,-28.5564,117.7803
GHCND:ASN00007038,-26.275,117.7842
GHCND:ASN00007041,-25.1303,116.9047
GHCND:ASN00007042,-26.9367,117.5928
GHCND:ASN00007043,-26.4458,116.5467
GHCND:ASN00007045,-26.6136,118.5372
GHCND:ASN00007046,-26.5933,118.4883
GHCND:ASN00007047,-28.4467,118.2675
GHCND:ASN00007048,-27.4222,116.825
GHCND:ASN00007049,-26.3736,117.3339
GHCND:ASN00007050,-25.0942,118.2983
GHCND:ASN00007052,-25.9214,117.6
GHCND:ASN00007054,-27.8794,117.5506
GHCND:ASN00007055,-25.8064,117.3906
GHCND:ASN00007057,-28.0619,117.8503
GHCND:ASN00007059,-24.2297,118.2408
GHCND:ASN00007061,-24.8333,118.4717
GHCND:ASN00007062,-23.7942,120.2442
GHCND:ASN00007063,-28.5253,117.0344
GHCND:ASN00007064,-27.3636,116.4261
GHCND:ASN00007065,-28.6519,117.6083
GHCND:ASN00007067,-28.9464,118.1867
GHCND:ASN00007068,-29.425,117.2906
GHCND:ASN00007069,-28.1233,116.8294
GHCND:ASN00007071,-28.0531,116.6514
GHCND:ASN00007072,-29.1886,117.9222
GHCND:ASN00007078,-26.5597,118.5397
GHCND:ASN00007079,-23.5867,120.0517
GHCND:ASN00007080,-25.1256,119.1514
GHCND:ASN00007081,-28.8928,117.1333
GHCND:ASN00007083,-23.6239,118.6561
GHCND:ASN00007084,-23.48,116.1108
GHCND:ASN00007085,-27.8336,117.8792
GHCND:ASN00007087,-28.0097,118.5753
GHCND:ASN00007089,-27.0878,116.1606
GHCND:ASN00007093,-25.5786,117.9931
GHCND:ASN00007094,-24.6514,116.1647
GHCND:ASN00007095,-28.2322,117.6556
GHCND:ASN00007096,-27.9808,116.0347
GHCND:ASN00007097,-27.8608,118.4183
GHCND:ASN00007099,-27.1308,118.7803
GHCND:ASN00007101,-26.2822,118.6933
GHCND:ASN00007103,-25.48,119.6492
GHCND:ASN00007105,-24.8094,118.1111
GHCND:ASN00007106,-28.415,116.2833
GHCND:ASN00007107,-27.1178,117.1175
GHCND:ASN00007108,-28.325,118.545
GHCND:ASN00007111,-24.2008,116.475
GHCND:ASN00007123,-27.4375,118.9292
GHCND:ASN00007124,-25.2806,116.2083
GHCND:ASN00007129,-27.8036,116.8856
GHCND:ASN00007130,-26.0747,116.6942
GHCND:ASN00007132,-25.0964,117.5922
GHCND:ASN00007134,-26.795,118.9842
GHCND:ASN00007135,-28.2747,117.3919
GHCND:ASN00007137,-26.3028,116.8789
GHCND:ASN00007146,-28.3831,117.6817
GHCND:ASN00007149,-26.5942,118.4883
GHCND:ASN00007150,-27.6467,117.8592
GHCND:ASN00007151,-23.3683,119.7314
GHCND:ASN00007153,-23.5531,119.1478
GHCND:ASN00007154,-27.9369,118.1889
GHCND:ASN00007157,-27.7744,117.0156
GHCND:ASN00007159,-27.5486,118.2172
GHCND:ASN00007160,-26.2628,119.7639
GHCND:ASN00007161,-25.4636,117.1361
GHCND:ASN00007164,-23.7639,116.1197
GHCND:ASN00007168,-29.0675,117.7572
GHCND:ASN00007169,-23.1017,119.3678
GHCND:ASN00007176,-23.4169,119.7989
GHCND:ASN00007177,-23.6042,117.6892
GHCND:ASN00007178,-23.2028,117.6692
GHCND:ASN00007179,-24.4114,118.9408
GHCND:ASN00007180,-25.0386,120.0064
GHCND:ASN00007185,-23.1725,117.7494
GHCND:ASN00007186,-25.565,116.6653
GHCND:ASN00007190,-29.3892,117.8281
GHCND:ASN00007191,-23.4531,119.7994
GHCND:ASN00007192,-27.3161,117.97
GHCND:ASN00007195,-26.0783,116.1533
GHCND:ASN00007197,-28.2817,118.3111
GHCND:ASN00008001,-28.0603,114.9461
GHCND:ASN00008002,-30.5967,116.7714
GHCND:ASN00008003,-30.5922,116.9194
GHCND:ASN00008004,-28.0058,114.2206
GHCND:ASN00008005,-30.7294,116.02
GHCND:ASN00008007,-28.8956,115.8106
GHCND:ASN00008008,-30.5831,116.135
GHCND:ASN00008009,-30.6286,116.3861
GHCND:ASN00008010,-28.0403,114.675
GHCND:ASN00008012,-28.38,114.6706
GHCND:ASN00008013,-29.3303,116.1433
GHCND:ASN00008014,-30.2192,116.7783
GHCND:ASN00008016,-30.445,117.0406
GHCND:ASN00008017,-29.9869,116.5711
GHCND:ASN00008018,-29.9331,116.7697
GHCND:ASN00008019,-28.4375,115.1783
GHCND:ASN00008020,-28.9822,116.1683
GHCND:ASN00008021,-30.0425,116.6981
GHCND:ASN00008022,-30.2911,116.3306
GHCND:ASN00008025,-29.6889,115.8869
GHCND:ASN00008028,-28.5008,114.7897
GHCND:ASN00008032,-29.0975,116.15
GHCND:ASN00008033,-28.7031,115.8172
GHCND:ASN00008036,-30.4644,116.0372
GHCND:ASN00008037,-29.8819,116.0233
GHCND:ASN00008039,-30.2772,116.6619
GHCND:ASN00008041,-27.9775,115.2103
GHCND:ASN00008042,-28.09,115.145
GHCND:ASN00008044,-29.2528,114.9306
GHCND:ASN00008046,-30.9133,116.8092
GHCND:ASN00008047,-29.4714,115.8528
GHCND:ASN00008050,-28.7769,114.605
GHCND:ASN00008051,-28.7953,114.6975
GHCND:ASN00008052,-28.17,114.7614
GHCND:ASN00008060,-29.0364,115.5536
GHCND:ASN00008061,-30.2842,116.6328
GHCND:ASN00008064,-30.6719,116.3078
GHCND:ASN00008065,-28.4292,114.6542
GHCND:ASN00008066,-30.7008,117.0608
GHCND:ASN00008067,-29.9414,116.2003
GHCND:ASN00008070,-30.7819,116.5058
GHCND:ASN00008073,-29.815,116.585
GHCND:ASN00008075,-28.2103,114.305
GHCND:ASN00008077,-29.6006,115.9392
GHCND:ASN00008079,-29.0711,115.6261
GHCND:ASN00008080,-29.8658,116.525
GHCND:ASN00008081,-28.8883,116.1947
GHCND:ASN00008084,-30.2608,116.21
GHCND:ASN00008085,-30.4919,116.3628
GHCND:ASN00008086,-29.1514,115.2428
GHCND:ASN00008087,-30.4228,116.4583
GHCND:ASN00008088,-29.1906,115.4414
GHCND:ASN00008091,-30.6417,116.0072
GHCND:ASN00008092,-29.1908,115.8814
GHCND:ASN00008093,-29.2103,116.0089
GHCND:ASN00008095,-28.5367,115.5142
GHCND:ASN00008096,-28.1525,114.5689
GHCND:ASN00008097,-28.4472,114.9447
GHCND:ASN00008099,-28.6928,114.7319
GHCND:ASN00008100,-28.3456,114.6367
GHCND:ASN00008104,-28.1544,114.6692
GHCND:ASN00008106,-29.3692,116.4061
GHCND:ASN00008107,-29.4417,116.2875
GHCND:ASN00008108,-30.8394,116.3858
GHCND:ASN00008111,-30.3883,116.6647
GHCND:ASN00008113,-27.8325,114.7364
GHCND:ASN00008115,-30.565,116.2364
GHCND:ASN00008116,-28.7894,114.9417
GHCND:ASN00008118,-28.3231,114.9453
GHCND:ASN00008119,-28.3772,115.8508
GHCND:ASN00008121,-29.5339,115.7628
GHCND:ASN00008123,-28.3781,114.7619
GHCND:ASN00008125,-29.0517,115.4
GHCND:ASN00008126,-29.8497,116.2289
GHCND:ASN00008128,-28.5536,115.2456
GHCND:ASN00008130,-30.2992,116.0589
GHCND:ASN00008137,-30.8917,116.7186
GHCND:ASN00008138,-30.8408,116.7267
GHCND:ASN00008139,-30.1069,116.6328
GHCND:ASN00008141,-28.3811,114.4531
GHCND:ASN00008143,-29.2872,115.6331
GHCND:ASN00008144,-29.0767,115.4092
GHCND:ASN00008145,-29.7211,116.4947
GHCND:ASN00008146,-30.0706,116.2092
GHCND:ASN00008147,-28.325,114.9589
GHCND:ASN00008150,-30.8722,116.7983
GHCND:ASN00008151,-30.665,116.1386
GHCND:ASN00008154,-28.8697,114.8931
GHCND:ASN00008157,-28.8978,115.8628
GHCND:ASN00008159,-30.9903,116.3553
GHCND:ASN00008168,-28.5467,114.6244
GHCND:ASN00008178,-29.1858,115.7406
GHCND:ASN00008180,-30.65,117.1078
GHCND:ASN00008200,-28.6936,115.0408
GHCND:ASN00008215,-30.4853,116.2664
GHCND:ASN00008223,-28.5617,114.755
GHCND:ASN00008225,-29.8183,115.2722
GHCND:ASN00008228,-30.5939,116.5378
GHCND:ASN00008230,-30.3817,116.7217
GHCND:ASN00008232,-30.3317,116.7133
GHCND:ASN00008233,-29.4847,116.0703
GHCND:ASN00008234,-28.5675,115.2814
GHCND:ASN00008235,-28.7036,115.8167
GHCND:ASN00008238,-30.0989,116.2339
GHCND:ASN00008240,-28.8939,115.4539
GHCND:ASN00008251,-27.7119,114.165
GHCND:ASN00008254,-30.7092,116.7744
GHCND:ASN00008257,-28.9931,115.945
GHCND:ASN00008261,-29.0636,115.1753
GHCND:ASN00008264,-29.5147,116.8011
GHCND:ASN00008265,-29.68,115.2683
GHCND:ASN00008266,-28.3275,115.5631
GHCND:ASN00008267,-28.3517,114.5778
GHCND:ASN00008268,-27.97,114.9686
GHCND:ASN00008269,-28.2667,114.7144
GHCND:ASN00008271,-28.8114,115.9675
GHCND:ASN00008272,-27.9972,114.3036
GHCND:ASN00008279,-30.6689,117.2103
GHCND:ASN00008284,-30.835,116.1581
GHCND:ASN00008286,-28.275,114.6761
GHCND:ASN00008288,-28.2575,114.6033
GHCND:ASN00008289,-29.6708,115.3636
GHCND:ASN00008292,-28.5164,115.37
GHCND:ASN00008294,-28.2094,115.285
GHCND:ASN00009001,-32.1303,116.0053
GHCND:ASN00009002,-31.2497,115.7303
GHCND:ASN00009006,-30.6256,115.7803
GHCND:ASN00009007,-31.8622,116.2658
GHCND:ASN00009009,-31.605,116.1114
GHCND:ASN00009012,-31.8814,115.8531
GHCND:ASN00009014,-30.6969,115.5817
GHCND:ASN00009015,-32.0892,116.125
GHCND:ASN00009017,-32.055,115.75
GHCND:ASN00009018,-31.3461,115.9031
GHCND:ASN00009020,-31.9,116.0567
GHCND:ASN00009021,-31.9275,115.9764
GHCND:ASN00009023,-32.3342,116.0755
GHCND:ASN00009024,-31.5608,116.0842
GHCND:ASN00009025,-31.8689,116.0167
GHCND:ASN00009026,-30.8533,115.4456
GHCND:ASN00009030,-31.8972,116.1575
GHCND:ASN00009031,-31.9564,116.1642
GHCND:ASN00009033,-30.9719,116.2089
GHCND:ASN00009034,-31.95,115.8667
GHCND:ASN00009036,-32.2842,115.755
GHCND:ASN00009037,-30.3381,115.5394
GHCND:ASN00009038,-32.0089,115.5022
GHCND:ASN00009039,-32.3536,116.005
GHCND:ASN00009040,-31.1428,116.0539
GHCND:ASN00009042,-30.86,115.7594
GHCND:ASN00009044,-32.1969,116.0617
GHCND:ASN00009045,-31.5567,115.6728
GHCND:ASN00009047,-30.6164,115.7194
GHCND:ASN00009049,-32.0783,116.0017
GHCND:ASN00009050,-32.1575,116.1264
GHCND:ASN00009051,-31.9211,116.0908
GHCND:ASN00009053,-31.6669,116.0189
GHCND:ASN00009054,-30.6033,115.6428
GHCND:ASN00009056,-31.9494,115.7928
GHCND:ASN00009057,-31.8092,115.9997
GHCND:ASN00009064,-32.2258,115.7611
GHCND:ASN00009066,-31.7908,116.1975
GHCND:ASN00009067,-31.7564,116.0222
GHCND:ASN00009068,-32.0447,115.8214
GHCND:ASN00009070,-32.1517,115.8008
GHCND:ASN00009072,-30.2842,115.5242
GHCND:ASN00009073,-32.3733,116.0581
GHCND:ASN00009105,-31.7317,115.7931
GHCND:ASN00009106,-32.0486,115.9839
GHCND:ASN00009109,-31.8531,116.1783
GHCND:ASN00009110,-30.0233,115.2375
GHCND:ASN00009111,-32.44,116.0744
GHCND:ASN00009113,-32.1108,116.0953
GHCND:ASN00009114,-31.0164,115.33
GHCND:ASN00009115,-32.4022,116.1039
GHCND:ASN00009119,-31.7758,115.9433
GHCND:ASN00009120,-31.7514,115.8014
GHCND:ASN00009129,-31.8931,115.7617
GHCND:ASN00009130,-30.6408,115.5003
GHCND:ASN00009131,-30.3081,115.0311
GHCND:ASN00009133,-31.8511,116.2539
GHCND:ASN00009134,-31.5667,116.0958
GHCND:ASN00009135,-31.9942,116.0692
GHCND:ASN00009137,-32.2475,116.0172
GHCND:ASN00009144,-31.0769,115.5083
GHCND:ASN00009148,-32.1517,115.9542
GHCND:ASN00009150,-32.1367,115.7667
GHCND:ASN00009151,-31.9556,115.7928
GHCND:ASN00009152,-30.5003,115.7119
GHCND:ASN00009161,-32.0022,115.8861
GHCND:ASN00009163,-31.8511,115.9942
GHCND:ASN00009168,-32.1189,116.1206
GHCND:ASN00009170,-32.1644,115.8306
GHCND:ASN00009172,-32.1011,115.8794
GHCND:ASN00009173,-31.8758,116.1764
GHCND:ASN00009177,-31.1228,115.4469
GHCND:ASN00009179,-30.7994,115.5467
GHCND:ASN00009180,-32.0186,116.0997
GHCND:ASN00009181,-31.8817,116.0592
GHCND:ASN00009182,-31.9544,116.0014
GHCND:ASN00009183,-31.4978,115.5914
GHCND:ASN00009186,-31.7858,115.7772
GHCND:ASN00009206,-32.0381,116.1264
GHCND:ASN00009209,-32.4331,116.0289
GHCND:ASN00009210,-30.8928,115.5789
GHCND:ASN00009212,-31.9031,116.2008
GHCND:ASN00009213,-31.9278,116.1861
GHCND:ASN00009216,-32.0394,116.0656
GHCND:ASN00009226,-32.2667,116.0833
GHCND:ASN00009228,-31.3778,116.0481
GHCND:ASN00009230,-31.85,116.1833
GHCND:ASN00009233,-32,116.0833
GHCND:ASN00009236,-31.7222,116.2747
GHCND:ASN00009240,-32.0056,116.1364
GHCND:ASN00009500,-35.0289,117.8808
GHCND:ASN00009501,-34.4769,117.4811
GHCND:ASN00009502,-33.4167,116.4767
GHCND:ASN00009503,-33.4825,115.7286
GHCND:ASN00009504,-33.8325,116.3894
GHCND:ASN00009505,-33.7864,115.9814
GHCND:ASN00009506,-34.4678,116.9169
GHCND:ASN00009507,-32.6836,116.5194
GHCND:ASN00009510,-33.9575,116.1375
GHCND:ASN00009512,-34.4011,115.9353
GHCND:ASN00009513,-33.2136,115.85
GHCND:ASN00009514,-33.3267,115.63
GHCND:ASN00009515,-33.6611,115.3456
GHCND:ASN00009516,-33.5506,115.5717
GHCND:ASN00009518,-34.3728,115.1358
GHCND:ASN00009519,-33.5372,115.0189
GHCND:ASN00009520,-34.6086,118.7511
GHCND:ASN00009523,-34.9728,117.2669
GHCND:ASN00009524,-34.67,118.5317
GHCND:ASN00009525,-33.8742,116.6544
GHCND:ASN00009527,-33.3969,115.7833
GHCND:ASN00009530,-34.3772,116.4144
GHCND:ASN00009531,-34.9617,117.3567
GHCND:ASN00009533,-33.8394,116.56
GHCND:ASN00009534,-33.5719,115.8247
GHCND:ASN00009538,-32.7103,116.0594
GHCND:ASN00009542,-33.6825,121.8275
GHCND:ASN00009545,-33.4356,115.8433
GHCND:ASN00009547,-34.0717,115.0986
GHCND:ASN00009550,-34.4189,116.2086
GHCND:ASN00009551,-35.0151,117.7577
GHCND:ASN00009552,-33.8564,116.0553
GHCND:ASN00009553,-32.8683,115.9139
GHCND:ASN00009554,-33.08,115.8917
GHCND:ASN00009556,-33.9781,116.3336
GHCND:ASN00009557,-33.9497,120.1258
GHCND:ASN00009558,-34.6922,117.2347
GHCND:ASN00009559,-34.9097,117.9942
GHCND:ASN00009561,-34.4878,117.6278
GHCND:ASN00009564,-34.9431,117.9242
GHCND:ASN00009572,-32.5031,115.7664
GHCND:ASN00009573,-34.2508,116.145
GHCND:ASN00009574,-33.9592,115.0642
GHCND:ASN00009575,-32.8556,116.45
GHCND:ASN00009577,-34.6161,116.0239
GHCND:ASN00009579,-33.7633,122.0675
GHCND:ASN00009581,-34.625,117.6361
GHCND:ASN00009582,-34.8389,118.1703
GHCND:ASN00009583,-33.86,115.855
GHCND:ASN00009585,-33.9797,115.7656
GHCND:ASN00009587,-33.9967,116.4253
GHCND:ASN00009589,-34.9919,116.8206
GHCND:ASN00009590,-34.6339,116.1236
GHCND:ASN00009591,-34.6361,117.3822
GHCND:ASN00009592,-34.4478,116.0433
GHCND:ASN00009594,-34.435,119.3628
GHCND:ASN00009595,-34.5694,117.2497
GHCND:ASN00009596,-32.6272,115.8747
GHCND:ASN00009599,-34.98,117.6322
GHCND:ASN00009601,-33.3208,115.8825
GHCND:ASN00009607,-34.5475,117.9308
GHCND:ASN00009609,-35.0183,117.5289
GHCND:ASN00009611,-34.9761,116.7328
GHCND:ASN00009612,-34.8511,116.7092
GHCND:ASN00009613,-34.1436,115.2261
GHCND:ASN00009614,-32.8356,115.9225
GHCND:ASN00009615,-34.715,118.4692
GHCND:ASN00009616,-34.0911,116.6628
GHCND:ASN00009619,-34.1519,116.2042
GHCND:ASN00009621,-34.6997,117.9556
GHCND:ASN00009622,-33.6244,115.9339
GHCND:ASN00009623,-34.5303,117.8247
GHCND:ASN00009624,-32.9592,115.9008
GHCND:ASN00009625,-34.7275,117.9222
GHCND:ASN00009626,-33.7106,121.5619
GHCND:ASN00009627,-34.0772,116.2033
GHCND:ASN00009628,-33.36,116.1467
GHCND:ASN00009629,-33.4464,115.7308
GHCND:ASN00009630,-34.2111,117.1025
GHCND:ASN00009631,-33.6031,121.7828
GHCND:ASN00009633,-34.8644,118.1122
GHCND:ASN00009634,-33.1925,115.7081
GHCND:ASN00009636,-33.8358,115.0747
GHCND:ASN00009637,-34.9511,117.37
GHCND:ASN00009642,-33.1336,115.8808
GHCND:ASN00009647,-34.9506,117.2769
GHCND:ASN00009648,-33.5064,115.6403
GHCND:ASN00009652,-33.7767,121.1133
GHCND:ASN00009654,-34.3986,119.3778
GHCND:ASN00009656,-34.1867,116.7133
GHCND:ASN00009660,-34.1606,115.1414
GHCND:ASN00009661,-34.5097,117.0117
GHCND:ASN00009665,-33.8381,122.41
GHCND:ASN00009666,-33.5964,116.3347
GHCND:ASN00009668,-33.6739,116.6475
GHCND:ASN00009669,-33.7108,115.8017
GHCND:ASN00009671,-33.6878,116.2147
GHCND:ASN00009672,-33.8933,115.085
GHCND:ASN00009673,-34.2511,116.8767
GHCND:ASN00009674,-33.7953,122.1578
GHCND:ASN00009678,-34.8772,117.6725
GHCND:ASN00009679,-32.9939,115.7272
GHCND:ASN00009680,-34.6733,117.9
GHCND:ASN00009690,-33.7622,116.5211
GHCND:ASN00009705,-33.5203,116.0742
GHCND:ASN00009715,-33.8025,123.0331
GHCND:ASN00009730,-33.6961,121.3656
GHCND:ASN00009738,-33.4531,116.3025
GHCND:ASN00009739,-33.6789,122.3311
GHCND:ASN00009740,-34.2358,117.1869
GHCND:ASN00009741,-34.9414,117.8022
GHCND:ASN00009743,-32.8883,115.7294
GHCND:ASN00009749,-32.6042,115.9464
GHCND:ASN00009752,-34.7233,117.3494
GHCND:ASN00009754,-34.5961,118.5519
GHCND:ASN00009765,-34.4322,117.3164
GHCND:ASN00009766,-35.0597,117.8658
GHCND:ASN00009767,-33.6683,115.0428
GHCND:ASN00009768,-34.3606,117.6186
GHCND:ASN00009769,-32.5698,116.4385
GHCND:ASN00009771,-33.7411,115.4697
GHCND:ASN00009772,-33.7608,121.2156
GHCND:ASN00009780,-34.3842,116.1025
GHCND:ASN00009782,-34.7406,117.4233
GHCND:ASN00009783,-33.7,115.5158
GHCND:ASN00009784,-34.9319,117.1606
GHCND:ASN00009789,-33.83,121.8925
GHCND:ASN00009794,-33.8039,120.6375
GHCND:ASN00009798,-33.8847,120.4222
GHCND:ASN00009799,-34.7744,118.2811
GHCND:ASN00009801,-34.1597,115.1892
GHCND:ASN00009802,-33.6633,121.6306
GHCND:ASN00009804,-33.8811,122.2167
GHCND:ASN00009805,-34.9769,116.7286
GHCND:ASN00009810,-32.6517,115.9067
GHCND:ASN00009813,-33.7297,122.755
GHCND:ASN00009816,-33.7256,121.3014
GHCND:ASN00009817,-33.7517,122.3708
GHCND:ASN00009822,-33.7753,121.555
GHCND:ASN00009825,-33.7517,122.9128
GHCND:ASN00009826,-33.8019,122.8519
GHCND:ASN00009827,-33.8819,121.8597
GHCND:ASN00009829,-33.8911,120.3256
GHCND:ASN00009832,-34.9469,118.0039
GHCND:ASN00009834,-33.6983,120.5492
GHCND:ASN00009835,-34.4033,118.9689
GHCND:ASN00009836,-33.8144,120.5136
GHCND:ASN00009838,-34.2939,115.1461
GHCND:ASN00009841,-35.0111,117.6425
GHCND:ASN00009842,-33.7964,115.6658
GHCND:ASN00009843,-34.4417,116.9944
GHCND:ASN00009844,-33.3694,115.6378
GHCND:ASN00009845,-34.3464,115.7808
GHCND:ASN00009847,-33.7794,122.715
GHCND:ASN00009848,-34.7719,118.1317
GHCND:ASN00009859,-33.31,116.13
GHCND:ASN00009862,-33.5083,116.7386
GHCND:ASN00009865,-34.3997,118.8867
GHCND:ASN00009867,-33.6511,122.0161
GHCND:ASN00009870,-33.9161,122.2083
GHCND:ASN00009873,-32.6492,116.0383
GHCND:ASN00009874,-32.5233,116.0139
GHCND:ASN00009898,-34.8208,118.3225
GHCND:ASN00009899,-34.8883,118.0789
GHCND:ASN00009900,-34.8364,117.6914
GHCND:ASN00009901,-34.9964,117.7197
GHCND:ASN00009902,-34.8908,117.7094
GHCND:ASN00009903,-34.5889,116.3433
GHCND:ASN00009904,-34.5967,116.1072
GHCND:ASN00009905,-34.345,116.3639
GHCND:ASN00009906,-34.1378,116.2333
GHCND:ASN00009907,-34.2131,116.0231
GHCND:ASN00009908,-34.2292,115.9294
GHCND:ASN00009909,-33.7914,115.3189
GHCND:ASN00009910,-33.8325,115.3147
GHCND:ASN00009912,-33.445,115.8508
GHCND:ASN00009913,-33.6906,115.8439
GHCND:ASN00009914,-33.3197,116.6464
GHCND:ASN00009915,-32.9981,115.9211
GHCND:ASN00009916,-33.6422,115.8119
GHCND:ASN00009919,-34.9,116.7881
GHCND:ASN00009920,-33.0067,115.9631
GHCND:ASN00009921,-33.6539,121.3683
GHCND:ASN00009922,-33.6492,121.1972
GHCND:ASN00009923,-33.3169,115.9892
GHCND:ASN00009924,-34.2489,116.4969
GHCND:ASN00009925,-33.6617,115.7067
GHCND:ASN00009926,-34.2989,115.4447
GHCND:ASN00009927,-33.6028,116.0128
GHCND:ASN00009928,-34.8389,116.7211
GHCND:ASN00009930,-34.8794,118.0467
GHCND:ASN00009931,-34.8736,118.0822
GHCND:ASN00009932,-33.3997,115.9786
GHCND:ASN00009943,-33.3167,116.05
GHCND:ASN00009944,-33.7167,121.0833
GHCND:ASN00009946,-34.1833,116.1667
GHCND:ASN00009947,-34.1333,116.15
GHCND:ASN00009949,-33.4072,116.6242
GHCND:ASN00009950,-33.4714,116.0106
GHCND:ASN00009951,-34.3175,116.5831
GHCND:ASN00009952,-34.0303,116.4392
GHCND:ASN00009953,-33.5447,116.6444
GHCND:ASN00009963,-33.6858,115.0153
GHCND:ASN00009970,-33.8064,120.9128
GHCND:ASN00009973,-34.8675,118.2156
GHCND:ASN00009975,-34.7031,118.2992
GHCND:ASN00010002,-31.3667,117.9031
GHCND:ASN00010004,-30.4494,117.8636
GHCND:ASN00010006,-31.7278,118.1108
GHCND:ASN00010007,-30.8081,117.8603
GHCND:ASN00010010,-30.9386,117.9642
GHCND:ASN00010011,-30.4731,118.3819
GHCND:ASN00010012,-31.5278,117.4361
GHCND:ASN00010014,-30.6056,117.5667
GHCND:ASN00010016,-31.8775,118.15
GHCND:ASN00010018,-30.5325,117.1739
GHCND:ASN00010019,-31.3958,118.4808
GHCND:ASN00010023,-31.5003,116.9411
GHCND:ASN00010024,-31.1631,116.8575
GHCND:ASN00010026,-30.0606,117.1417
GHCND:ASN00010030,-30.7767,118.1992
GHCND:ASN00010032,-30.9964,117.3953
GHCND:ASN00010034,-31.7272,118.2931
GHCND:ASN00010035,-31.6494,117.2331
GHCND:ASN00010036,-31.7903,117.3283
GHCND:ASN00010037,-31.7264,117.7644
GHCND:ASN00010038,-31.0064,118.1975
GHCND:ASN00010039,-31.0072,117.2042
GHCND:ASN00010040,-31.6089,117.8775
GHCND:ASN00010041,-31.6192,117.4372
GHCND:ASN00010042,-31.1936,117.0311
GHCND:ASN00010044,-31.6231,117.5431
GHCND:ASN00010045,-31.0097,117.1344
GHCND:ASN00010047,-31.0467,118.1514
GHCND:ASN00010052,-31.4453,117.2219
GHCND:ASN00010055,-30.7997,117.6806
GHCND:ASN00010056,-31.8042,116.4169
GHCND:ASN00010058,-31.2994,116.8269
GHCND:ASN00010059,-31.2347,118.4208
GHCND:ASN00010060,-31.9886,118.5106
GHCND:ASN00010061,-31.1417,116.9558
GHCND:ASN00010062,-31.2347,116.8819
GHCND:ASN00010063,-31.5136,116.4583
GHCND:ASN00010067,-30.7286,118.4147
GHCND:ASN00010071,-30.6447,118.13
GHCND:ASN00010072,-31.7211,117.6586
GHCND:ASN00010073,-31.6183,117.7217
GHCND:ASN00010076,-31.0597,116.7319
GHCND:ASN00010077,-30.825,117.4825
GHCND:ASN00010080,-30.5006,117.4028
GHCND:ASN00010082,-31.1125,117.9186
GHCND:ASN00010083,-31.3725,118.1961
GHCND:ASN00010084,-30.1056,117.3597
GHCND:ASN00010091,-31.6322,117.0081
GHCND:ASN00010092,-31.4756,118.2789
GHCND:ASN00010093,-31.4994,118.2242
GHCND:ASN00010094,-30.9069,118.1792
GHCND:ASN00010095,-31.5936,118.2347
GHCND:ASN00010096,-30.4594,117.5217
GHCND:ASN00010097,-30.6569,117.2625
GHCND:ASN00010102,-30.9153,118.2028
GHCND:ASN00010104,-31.4025,117.7239
GHCND:ASN00010105,-30.6297,117.3675
GHCND:ASN00010107,-29.7986,117.7044
GHCND:ASN00010108,-31.3261,118.2464
GHCND:ASN00010111,-31.6508,116.6586
GHCND:ASN00010112,-31.1842,118.1006
GHCND:ASN00010113,-31.95,117.6533
GHCND:ASN00010115,-31.7714,116.8647
GHCND:ASN00010116,-31.5397,117.4781
GHCND:ASN00010118,-31.9917,118.0264
GHCND:ASN00010119,-31.795,118.3947
GHCND:ASN00010120,-31.9091,117.0986
GHCND:ASN00010121,-31.6431,117.4872
GHCND:ASN00010122,-31.8308,117.4875
GHCND:ASN00010123,-31.9925,117.9325
GHCND:ASN00010124,-31.5136,118.1753
GHCND:ASN00010125,-31.5453,116.4594
GHCND:ASN00010126,-31.1153,117.7942
GHCND:ASN00010133,-30.8256,117.3228
GHCND:ASN00010134,-31.3119,116.515
GHCND:ASN00010135,-30.4869,118.1258
GHCND:ASN00010136,-30.5892,118.1489
GHCND:ASN00010137,-30.3294,118.0872
GHCND:ASN00010138,-31.814,116.341
GHCND:ASN00010140,-31.1806,117.3797
GHCND:ASN00010141,-30.2897,117.0108
GHCND:ASN00010142,-30.645,117.6833
GHCND:ASN00010143,-31.415,117.2664
GHCND:ASN00010144,-31.8836,116.7581
GHCND:ASN00010145,-31.3756,117.5853
GHCND:ASN00010149,-31.3361,117.8164
GHCND:ASN00010150,-31.6358,116.7961
GHCND:ASN00010151,-31.5317,118.0986
GHCND:ASN00010152,-31.75,116.6833
GHCND:ASN00010154,-31.1433,117.1817
GHCND:ASN00010155,-30.7686,117.1361
GHCND:ASN00010157,-31.2506,117.3436
GHCND:ASN00010158,-30.4072,118.2797
GHCND:ASN00010160,-31.4533,117.1194
GHCND:ASN00010161,-31.1708,117.6614
GHCND:ASN00010163,-31.7711,117.1433
GHCND:ASN00010165,-31.9408,116.9839
GHCND:ASN00010166,-31.7389,116.4906
GHCND:ASN00010192,-30.5539,118.2828
GHCND:ASN00010243,-31.4972,117.5894
GHCND:ASN00010244,-31.7603,116.4781
GHCND:ASN00010248,-31.4931,118.2456
GHCND:ASN00010250,-31.135,116.9242
GHCND:ASN00010251,-31.2867,118.0592
GHCND:ASN00010257,-31.5094,117.7681
GHCND:ASN00010259,-31.3236,116.37
GHCND:ASN00010264,-30.1547,117.8214
GHCND:ASN00010269,-31.2708,116.9231
GHCND:ASN00010283,-31.9339,117.835
GHCND:ASN00010285,-30.9,117.9822
GHCND:ASN00010287,-31.5261,117.5631
GHCND:ASN00010288,-31.7839,116.395
GHCND:ASN00010289,-31.7364,117.4317
GHCND:ASN00010291,-30.6756,117.6044
GHCND:ASN00010292,-31.4106,116.7175
GHCND:ASN00010294,-31.5736,117.5097
GHCND:ASN00010295,-31.9067,117.2336
GHCND:ASN00010298,-31.5594,118.5819
GHCND:ASN00010300,-31.0222,118.4381
GHCND:ASN00010502,-34.2553,118.2214
GHCND:ASN00010503,-32.0311,118.0947
GHCND:ASN00010504,-34.0811,117.5181
GHCND:ASN00010505,-33.3392,117.035
GHCND:ASN00010508,-33.6361,117.9278
GHCND:ASN00010510,-33.1642,116.7992
GHCND:ASN00010512,-33.5233,117.0483
GHCND:ASN00010513,-32.3869,118.2622
GHCND:ASN00010515,-32.1083,116.9247
GHCND:ASN00010518,-32.4006,118.6058
GHCND:ASN00010519,-34.0717,118.2628
GHCND:ASN00010520,-33.6614,117.0539
GHCND:ASN00010524,-32.3725,117.0072
GHCND:ASN00010525,-33.8461,117.6386
GHCND:ASN00010526,-33.8269,117.8594
GHCND:ASN00010527,-32.3756,117.5128
GHCND:ASN00010528,-33.2472,117.6614
GHCND:ASN00010530,-33.9144,117.0994
GHCND:ASN00010531,-33.7069,117.2411
GHCND:ASN00010532,-33.9653,118.0675
GHCND:AJ000037832,40.4,47.1
GHCND:ALM00013615,41.415,19.721
GHCND:AQC00914005,-14.26667,-170.65
GHCND:AR000000001,-29.6,-58.15
GHCND:AR000000002,-29.82,-57.42
GHCND:AR000000003,-29.98,-58.28
GHCND:AR000000004,-30.78,-58.15
GHCND:AR000000005,-30.03,-57.82
GHCND:AR000000006,-31.38,-58.02
GHCND:AR000000007,-30.58,-58.45
GHCND:AR000000009,-31,-57.9
GHCND:AR000000010,-30.68,-57.82
GHCND:AR000000012,-29.73,-57.08
GHCND:AR000000013,-30.42,-57.85
GHCND:AR000000014,-31.08,-58.28
GHCND:AR000000015,-30.03,-58.3
GHCND:AR000000016,-29.37,-58.18
GHCND:AR000087217,-29.383,-66.817
GHCND:AR000087344,-31.317,-64.217
GHCND:AR000087803,-42.933,-71.15
GHCND:AR000873050,-30.25,-68.75
GHCND:ARM00087016,-23.153,-64.329
GHCND:ARM00087320,-30.367,-66.283
GHCND:ARM00087328,-31.945,-65.146
GHCND:ARM00087645,-37.237,-59.228
GHCND:ARM00087852,-46.517,-71.017
GHCND:ASM00094275,-18.3,143.55
GHCND:ASM00094299,-16.288,149.965
GHCND:ASM00094940,-35.083,150.8
GHCND:ASN00002049,-18.1947,127.8147
GHCND:ASN00002060,-16.0397,128.415
GHCND:ASN00003007,-17.3044,123.6292
GHCND:ASN00003008,-17.9281,124.8108
GHCND:ASN00003033,-17.7472,124.5283
GHCND:ASN00004022,-20.6333,120.0544
GHCND:ASN00004082,-20.615,117.1633
GHCND:ASN00004086,-20.8956,117.6447
GHCND:ASN00004088,-21.1467,119.4333
GHCND:ASN00004101,-20.3167,119.3333
GHCND:ASN00005012,-21.5906,117.0656
GHCND:ASN00005022,-21.975,116.0653
GHCND:ASN00005029,-21.6767,116.3928
GHCND:ASN00005072,-22.6967,117.7703
GHCND:ASN00006026,-26.4275,114.1919
GHCND:ASN00007010,-28.6097,116.5714
GHCND:ASN00007053,-24.3086,116.9111
GHCND:ASN00007058,-24.4,116.3078
GHCND:ASN00007091,-28.3392,116.6828
GHCND:ASN00007139,-29.2708,117.6836
GHCND:ASN00007156,-27.9578,116.3383
GHCND:ASN00008057,-29.5486,115.0689
GHCND:ASN00008072,-29.7586,116.4444
GHCND:ASN00008124,-28.7928,115.7344
GHCND:ASN00008273,-29.3586,115.4503
GHCND:ASN00008287,-28.6564,114.8558
GHCND:ASN00009004,-31.3414,116.2133
GHCND:ASN00009010,-32.1486,116.0761
GHCND:ASN00009029,-31.5825,115.9658
GHCND:ASN00009162,-31.4556,116.0978
GHCND:ASN00009184,-31.775,115.77
GHCND:ASN00009211,-30.2892,115.3203
GHCND:ASN00009219,-30.6919,115.8119
GHCND:ASN00009232,-31.1833,115.8
GHCND:ASN00009234,-31,116.2067
GHCND:ASN00009245,-32.2917,116.1022
GHCND:ASN00009714,-33.7039,115.8903
GHCND:ASN00009824,-33.6519,120.9986
GHCND:ASN00009837,-34.4889,118.6211
GHCND:ASN00009849,-33.8425,122.7622
GHCND:ASN00009894,-32.9183,115.9217
GHCND:ASN00009945,-34.3667,116.2
GHCND:ASN00009948,-33.9383,115.2669
GHCND:ASN00010017,-31.5547,117.5858
GHCND:ASN00010070,-30.3686,117.1133
GHCND:ASN00010506,-34.1464,117.3961
GHCND:ASN00010533,-33.6369,119.8853
GHCND:ASN00010534,-32.4825,117.5647
GHCND:ASN00010536,-32.3292,117.8733
GHCND:ASN00010537,-34.2961,117.5533
GHCND:ASN00010538,-32.8183,117.18
GHCND:ASN00010539,-34.1792,117.6428
GHCND:AGM00060425,36.213,1.332
GHCND:AGM00060430,36.3,2.233
GHCND:AGM00060457,35.883,0.117
GHCND:AGM00060490,35.624,-0.621
GHCND:AGM00060506,35.6,0.3
GHCND:AGM00060531,35.017,-1.45
GHCND:ASN00004008,-20.6392,119.2431
GHCND:ASN00004038,-20.7483,118.8172
GHCND:ASN00004089,-20.6744,117.1428
GHCND:ASN00006013,-26.6972,114.3181
GHCND:ASN00006048,-27.3853,115.9664
GHCND:ASN00007119,-23.3856,117.0319
GHCND:ASN00007193,-27.0503,117.6503
GHCND:ASN00008000,-27.9608,114.6339
GHCND:ASN00008078,-29.2419,115.7794
GHCND:ASN00008274,-28.4194,114.8186
GHCND:ASN00008275,-30.3678,116.2653
GHCND:ASN00009046,-30.7742,115.6975
GHCND:ASN00009205,-31.4317,116.2642
GHCND:ASN00009208,-32.4489,116.0242
GHCND:ASN00009227,-31.8833,116.15
GHCND:ASN00009229,-31.3556,115.97
GHCND:ASN00009231,-31.1833,115.85
GHCND:ASN00009235,-31.5167,116.0333
GHCND:ASN00009509,-32.8053,116.4711
GHCND:ASN00009565,-34.5319,118.2781
GHCND:ASN00009803,-33.7831,115.3447
GHCND:ASN00009854,-33.8017,116.6
GHCND:ASN00009893,-32.9233,116.0081
GHCND:ASN00009911,-33.5947,115.9581
GHCND:ASN00009917,-33.7058,115.7878
GHCND:ASN00009918,-33.7653,115.8397
GHCND:ASN00009933,-34.3367,116.1083
GHCND:ASN00009985,-34.8342,117.7919
GHCND:ASN00010009,-31.2744,116.5092
GHCND:ASN00010156,-31.0908,116.4483
GHCND:ASN00010541,-33.8594,118.8158
GHCND:ASN00010542,-33.3347,116.7425
GHCND:ASN00010543,-34.0414,117.7428
GHCND:ASN00010544,-33.3956,117.0944
GHCND:ASN00010545,-32.8714,117.9042
GHCND:ASN00010546,-33.3142,117.74
GHCND:ASN00010547,-33.5167,116.8028
GHCND:ASN00010558,-33.9372,118.0075
GHCND:ASN00010560,-32.5403,119.1122
GHCND:ASN00010561,-33.0272,117.3878
GHCND:ASN00010562,-33.1639,118.2528
GHCND:ASN00010563,-33.0589,117.2342
GHCND:ASN00010564,-32.3472,116.8553
GHCND:ASN00010565,-32.6744,119.4144
GHCND:ASN00010566,-33.5714,117.2111
GHCND:ASN00010568,-32.4419,118.8983
GHCND:ASN00010571,-32.3789,116.8258
GHCND:ASN00010572,-34.2675,118.5064
GHCND:ASN00010576,-32.4994,118.7106
GHCND:ASN00010577,-32.4828,118.5842
GHCND:ASN00010579,-33.6886,117.5553
GHCND:ASN00010580,-33.7822,119.9436
GHCND:ASN00010581,-32.2894,119.1358
GHCND:ASN00010582,-33.83,117.159
GHCND:ASN00010583,-32.4947,118.2675
GHCND:ASN00010584,-32.6719,118.1547
GHCND:ASN00010586,-32.0083,118.2322
GHCND:ASN00010588,-33.5303,118.305
GHCND:ASN00010589,-33.61,117.9878
GHCND:ASN00010591,-32.9875,118.9394
GHCND:ASN00010592,-33.1006,118.4625
GHCND:ASN00010595,-33.6514,118.5517
GHCND:ASN00010596,-33.4117,118.5111
GHCND:ASN00010597,-32.7964,119.5094
GHCND:ASN00010598,-33.1975,116.9106
GHCND:ASN00010600,-33.6067,118.4292
GHCND:ASN00010605,-32.9089,117.0536
GHCND:AGE00147718,34.85,5.72
GHCND:AGM00060360,36.822,7.809
GHCND:AGM00060402,36.712,5.07
GHCND:AGM00060419,36.276,6.62
GHCND:AGM00060445,36.178,5.324
GHCND:AGM00060475,35.432,8.121
GHCND:AGM00060550,33.667,1
GHCND:AGM00060571,31.646,-2.27
GHCND:AGM00060580,31.917,5.413
GHCND:AGM00060581,31.673,6.14
GHCND:ARM00087596,-35.367,-57.283
GHCND:ARM00087648,-36.35,-57.733
GHCND:ASN00002005,-15.4864,128.5344
GHCND:ASN00003044,-18.1103,125.6431
GHCND:ASN00004003,-22.8,120.8625
GHCND:ASN00004068,-19.7789,120.6417
GHCND:ASN00005006,-22.9119,116.2903
GHCND:ASN00006066,-23.1567,114.5403
GHCND:ASN00006090,-26.96,115.9733
GHCND:ASN00006097,-26.1203,113.3975
GHCND:ASN00007100,-25.6933,118.0803
GHCND:ASN00007152,-24.7103,119.6069
GHCND:ASN00007181,-23.9775,120.0108
GHCND:ASN00007194,-27.0722,119.2522
GHCND:ASN00008098,-29.0011,115.3986
GHCND:ASN00008231,-29.4667,116.1325
GHCND:ASN00008276,-29.2236,115.1075
GHCND:ASN00009127,-32.02,115.7692
GHCND:ASN00009175,-30.8872,116.0294
GHCND:ASN00009191,-31.9286,115.7653
GHCND:ASN00009198,-32.1261,116.0358
GHCND:ASN00009747,-32.8458,115.9792
GHCND:ASN00009796,-33.3856,121.3722
GHCND:ASN00010290,-30.4025,117.5367
GHCND:AGE00147719,33.7997,2.89
GHCND:AGM00060355,36.933,6.95
GHCND:AGM00060468,35.55,6.183
GHCND:AGM00060549,33.536,-0.242
GHCND:AGM00060566,32.384,3.794
GHCND:AGM00060607,29.237,0.276
GHCND:AJ000037888,39.5,45.8
GHCND:AM000037608,41.1,43.7
GHCND:AM000037609,41,43.9
GHCND:AM000037618,41.117,44.283
GHCND:AM000037627,41.05,44.633
GHCND:AM000037629,41.1,44.8
GHCND:AM000037682,40.783,43.833
GHCND:AM000037683,40.867,43.95
GHCND:AM000037689,40.6,44
GHCND:AM000037693,41,44.367
GHCND:AM000037694,40.9,44.4
GHCND:AM000037695,40.833,44.267
GHCND:AM000037699,40.533,44.383
GHCND:AM000037700,40.3,44.9
GHCND:AM000037704,40.817,44.5
GHCND:AM000037705,40.8,44.6
GHCND:AM000037706,40.75,44.867
GHCND:AM000037708,40.7,44.9
GHCND:AM000037711,40.867,45.15
GHCND:AM000037713,40.9,45.5
GHCND:AM000037719,40.6,45.35
GHCND:AM000037772,40.4,43.9
GHCND:AM000037774,40.317,43.667
GHCND:AM000037781,40.5,44.2
GHCND:AM000037782,40.4,44.3
GHCND:AM000037786,40.3,44.5
GHCND:AM000037787,40.133,44.05
GHCND:AM000037791,40.4,44.683
GHCND:AM000037792,40.483,44.75
GHCND:AM000037798,40.1,44.7
GHCND:AM000037802,40.5,45.3
GHCND:AM000037808,40.5,45.3
GHCND:AM000037815,40.2,45.75
GHCND:AM000037871,39.817,44.567
GHCND:AM000037872,39.9,44.9
GHCND:AM000037873,40,45.23
GHCND:AM000037874,39.767,45.333
GHCND:AM000037875,39.7,45.2
GHCND:AM000037876,39.8,45.4
GHCND:AM000037878,39.8,45
GHCND:AM000037880,39.7,45.7
GHCND:AM000037884,39.8,45.8
GHCND:AM000037897,39.533,46.017
GHCND:AM000037954,39.2,46.2
GHCND:AM000037958,38.9,46.25
GHCND:AM000037959,39.2,46.433
GHCND:ASN00001023,-16.0086,127.9806
GHCND:ASN00002039,-17.6667,126.0333
GHCND:ASN00003074,-17.9347,123.4731
GHCND:ASN00003075,-17.3117,123.6356
GHCND:ASN00003076,-19.3283,125.3886
GHCND:ASN00004026,-22.2914,120.1761
GHCND:ASN00004087,-21.2333,117.05
GHCND:ASN00004093,-20.3292,119.1878
GHCND:ASN00005057,-21.3417,117.0833
GHCND:ASN00005059,-22.6125,117.625
GHCND:ASN00007060,-27.4189,116.6897
GHCND:ASN00007090,-28.8439,117.8317
GHCND:ASN00008280,-27.5658,114.6733
GHCND:ASN00008281,-30.3322,116.6828
GHCND:ASN00009193,-32.0069,115.5022
GHCND:ASN00009194,-32.2208,115.8075
GHCND:ASN00009199,-29.9486,114.9781
GHCND:ASN00009532,-34.9528,117.3733
GHCND:ASN00009758,-34.4653,115.8325
GHCND:ASN00009800,-33.8097,121.8511
GHCND:ASN00009815,-33.8819,122.5661
GHCND:ASN00009833,-32.8,116.25
GHCND:ASN00009871,-34.8361,116.0308
GHCND:ASN00009878,-34.2183,117.2975
GHCND:ASN00009929,-35.0042,117.8608
GHCND:ASN00009954,-33.8097,122.0844
GHCND:ASN00010053,-31.7233,118.4372
GHCND:AGM00060351,36.795,5.874
GHCND:AGM00060507,35.208,0.147
GHCND:AGM00060511,35.341,1.463
GHCND:AGM00060559,33.511,6.777
GHCND:AGM00060630,27.233,2.5
GHCND:ASM00094995,-31.542,159.079
GHCND:ASN00002030,-17.2964,126.915
GHCND:ASN00002064,-16.6381,128.4517
GHCND:ASN00003031,-16.5167,122.8908
GHCND:ASN00003077,-18.5914,123.6133
GHCND:ASN00004092,-20.9786,117.0953
GHCND:ASN00005073,-21.8836,118.2217
GHCND:ASN00008142,-29.1911,115.7867
GHCND:ASN00009147,-31.3292,116.0811
GHCND:ASN00009167,-31.0053,115.9369
GHCND:ASN00009192,-32.0533,115.7647
GHCND:ASN00009200,-31.5286,116
GHCND:ASN00009788,-33.8144,122.2942
GHCND:ASN00009872,-33.1133,116.0225
GHCND:ASN00009889,-32.6544,116.0158
GHCND:ASN00009891,-32.64,115.9461
GHCND:ASN00010075,-29.6089,117.41
GHCND:ASN00010103,-31.7578,118.5603
GHCND:AGM00060444,36.067,4.767
GHCND:AGM00060518,35.3,-1.35
GHCND:AGM00060522,34.82,-1.77
GHCND:AGM00060535,34.683,3.25
GHCND:AGM00060536,34.867,0.15
GHCND:AGM00060555,33.068,6.089
GHCND:AGM00060560,32.767,-0.6
GHCND:ASN00002017,-18.7106,126.7111
GHCND:ASN00005036,-22.9367,115.9825
GHCND:ASN00006015,-24.4447,114.0781
GHCND:ASN00006093,-23.81,114.0083
GHCND:ASN00006098,-25.0294,115.8628
GHCND:ASN00007082,-27.1192,118.0842
GHCND:ASN00007196,-25.7361,116.9181
GHCND:ASN00008262,-29.3583,115.2617
GHCND:ASN00009197,-32.23,115.6844
GHCND:ASN00009521,-34.735,117.7217
GHCND:ASN00009875,-34.5692,117.6217
GHCND:ASN00009876,-34.1311,116.7394
GHCND:ASN00009877,-33.6033,115.4983
GHCND:ASN00009885,-33.3158,115.66
GHCND:AGM00060620,27.838,-0.186
GHCND:ASN00001024,-15.9572,127.0628
GHCND:ASN00002026,-18.5958,127.6419
GHCND:ASN00002051,-19.5561,127.6644
GHCND:ASN00003012,-18.0483,124.1728
GHCND:ASN00004004,-20.9264,120.2075
GHCND:ASN00004041,-20.8503,120.695
GHCND:ASN00006038,-23.3817,114.4375
GHCND:ASN00006100,-27.525,115.0569
GHCND:ASN00008283,-30.1453,116.3844
GHCND:ASN00008293,-28.1128,115.0697
GHCND:ASN00009058,-31.9822,116.0594
GHCND:ASN00009202,-31.8344,116.2197
GHCND:ASN00009257,-32.1569,115.9275
GHCND:ASN00009886,-33.7917,116.6031
GHCND:ASN00010302,-31.6681,116.2731
GHCND:AGM00060670,24.293,9.452
GHCND:ASN00001025,-15.3797,126.3114
GHCND:ASN00001026,-15.7025,126.3786
GHCND:ASN00003078,-18.7267,125.9875
GHCND:ASN00004096,-22.4272,120.8578
GHCND:ASN00005034,-22.4558,116.0508
GHCND:ASN00005082,-21.0544,116.2575
GHCND:ASN00006099,-26.8936,115.9561
GHCND:ASN00006101,-26.0983,115.2444
GHCND:ASN00007025,-23.9214,116.5594
GHCND:ASN00008285,-28.3181,114.7614
GHCND:ASN00009207,-32.0208,116.1167
GHCND:ASN00009888,-34.5147,117.6692
GHCND:ASN00009897,-33.8536,123.0069
GHCND:ASN00010301,-31.2458,116.2714
GHCND:ASN00010303,-31.5069,116.3081
GHCND:AM000037785,40.3,44.4
GHCND:ASN00003021,-18.4875,124.8231
GHCND:ASN00005089,-22.9003,118.7031
GHCND:ASN00007070,-25.6381,118.7131
GHCND:ASN00007200,-27.1242,118.2714
GHCND:ASN00007201,-24.7428,117.3583
GHCND:ASN00007202,-26.9183,118.6406
GHCND:ASN00009203,-31.8986,116.3236
GHCND:ASN00009635,-34.3633,117.0836
GHCND:ASN00009850,-34.5378,117.7197
GHCND:ASN00009895,-33.7878,123.1878
GHCND:ASN00009896,-34.7103,118.3764
GHCND:ASN00009934,-33.0767,115.91
GHCND:ASN00009935,-34.2411,116.1433
GHCND:ASN00002011,-18.2519,127.7817
GHCND:ASN00004094,-20.4119,120.0103
GHCND:ASN00009936,-32.6239,116.0603
GHCND:ARM00087121,-26.841,-65.105
GHCND:ASN00002057,-17.4206,128.2992
GHCND:ASN00003081,-17.5778,123.8222
GHCND:ASN00008291,-30.5475,116.3981
GHCND:ASN00009217,-31.8097,115.8183
GHCND:ASN00009868,-33.7078,120.8653
GHCND:ASN00010304,-31.485,116.5383
GHCND:AGM00060640,26.724,8.623
GHCND:ASN00001028,-15.7231,127.8297
GHCND:ASN00002065,-17.3936,126.2281
GHCND:ASN00002066,-19.1764,127.6497
GHCND:ASN00003082,-17.8672,122.3631
GHCND:ASN00003083,-17.9769,122.3431
GHCND:ASN00003086,-17.7278,123.6547
GHCND:ASN00004097,-20.6175,116.7517
GHCND:ASN00004098,-20.2906,119.28
GHCND:ASN00005002,-22.515,116.5825
GHCND:ASN00005085,-22.8853,117.4464
GHCND:ASN00005086,-21.2947,116.1383
GHCND:ASN00007199,-25.3106,119.4481
GHCND:ASN00009220,-31.4956,116.0547
GHCND:ASN00009221,-31.4369,116.0636
GHCND:ASN00009938,-33.4761,115.9242
GHCND:ASN00009940,-32.1206,116.0839
GHCND:ASN00009941,-33.8094,116.3831
GHCND:ASN00010195,-29.2392,116.7122
GHCND:ARM00087640,-36.2,-61.067
GHCND:ASN00003084,-17.3436,123.6781
GHCND:ASN00003085,-17.4311,123.0389
GHCND:ASN00004099,-20.7381,116.8489
GHCND:ASN00005088,-21.2475,116.0733
GHCND:ASN00007165,-24.9483,118.7147
GHCND:ASN00009246,-30.9442,116.4989
GHCND:ASN00009600,-33.9525,115.1969
GHCND:ASN00009729,-34.5458,118.1947
GHCND:ASN00010305,-30.7261,118.4219
GHCND:ASN00010550,-33.2658,118.4861
GHCND:ASN00010593,-33.0872,119.6761
GHCND:ASN00010602,-32.6983,117.6536
GHCND:ASN00010603,-32.4231,118.2003
GHCND:ASN00010606,-32.9267,119.5775
GHCND:ASN00010607,-32.7608,118.1925
GHCND:ASN00010609,-33.2267,117.9292
GHCND:ASN00010611,-33.2761,119.7753
GHCND:ASN00010612,-32.0656,118.3956
GHCND:ASN00010614,-32.9342,117.1797
GHCND:ASN00010617,-33.0939,119.0236
GHCND:ASN00010618,-33.1794,119.1008
GHCND:ASN00010619,-33.5417,118.1489
GHCND:ASN00010620,-32.3044,116.6358
GHCND:ASN00010622,-33.9644,118.4889
GHCND:ASN00010623,-33.9431,117.8514
GHCND:ASN00010625,-32.7533,118.6261
GHCND:ASN00010626,-32.5336,117.0831
GHCND:ASN00010627,-33.5347,118.5092
GHCND:ASN00010628,-32.0094,117.4014
GHCND:ASN00010629,-32.7867,117.7861
GHCND:ASN00010633,-33.5803,120.0458
GHCND:ASN00010634,-32.3108,116.7675
GHCND:ASN00010635,-33.7853,116.9064
GHCND:ASN00010636,-33.1542,117.6708
GHCND:ASN00010637,-33.0433,118.1025
GHCND:ASN00010638,-32.5228,118.3047
GHCND:ASN00010641,-33.375,116.9053
GHCND:ASN00010643,-34.0444,117.6419
GHCND:ASN00010644,-33.1256,118.1961
GHCND:ASN00010647,-33.3075,117.3403
GHCND:ASN00010648,-32.6814,116.6756
GHCND:ASN00010649,-33.5253,117.6456
GHCND:ASN00010653,-32.0789,117.8656
GHCND:ASN00010654,-32.7822,117.4992
GHCND:AR000875850,-34.583,-58.483
GHCND:ARM00087563,-36.067,-59.1
GHCND:ARM00087903,-50.333,-72.3
GHCND:ASN00002067,-15.9816,128.9991
GHCND:ASN00002069,-16.4433,127.7836
GHCND:ASN00002070,-16.8828,126.1267
GHCND:ASN00003041,-17.6925,122.7128
GHCND:ASN00003079,-18.9897,121.7208
GHCND:ASN00003087,-17.5606,122.1458
GHCND:ASN00009000,-32.1247,116.1025
GHCND:ASN00009215,-31.9558,115.7619
GHCND:ASN00009225,-31.9192,115.8728
GHCND:ASN00009239,-32.1753,116.0542
GHCND:ASN00009241,-32.1308,116.0614
GHCND:ASN00009955,-33.7314,120.9308
GHCND:ASN00009996,-33.8294,115.1903
GHCND:ASN00010655,-33.0269,116.8792
GHCND:ASN00010657,-33.3556,117.9161
GHCND:ASN00010658,-32.8331,116.9911
GHCND:ASN00010659,-33.5636,117.4336
GHCND:ASN00010661,-33.8,117.3942
GHCND:ASN00010662,-32.5931,117.6258
GHCND:ASN00010664,-32.9006,117.3986
GHCND:ASN00010665,-33.1886,118.0836
GHCND:ASN00010666,-32.0394,118.9022
GHCND:ASN00010668,-32.4692,118.1458
GHCND:ASN00010670,-32.4436,119.3442
GHCND:ASN00010671,-33.1361,117.8814
GHCND:ASN00010689,-33.8272,119.2483
GHCND:ASN00010690,-33.4808,119.9622
GHCND:ASN00010691,-33.0964,117.4047
GHCND:ASN00002075,-19.0378,126.0931
GHCND:ASN00004042,-20.8394,117.8358
GHCND:ASN00004102,-21.2933,120.4658
GHCND:ASN00008109,-28.4767,115.7897
GHCND:ASN00008295,-29.2094,115.2628
GHCND:ASN00009166,-32.2931,116.0136
GHCND:ASN00009242,-32.3956,115.9744
GHCND:ASN00009243,-31.335,115.5722
GHCND:ASN00009956,-34.3133,115.1675
GHCND:ASN00009957,-35.0367,116.9247
GHCND:ASN00009958,-34.6625,117.8394
GHCND:ASN00009960,-33.2028,116.2764
GHCND:ASN00010306,-30.6042,117.2275
GHCND:ASN00001030,-14.5786,125.9133
GHCND:ASN00002071,-18.2303,127.6625
GHCND:ASN00003080,-17.5736,123.8217
GHCND:ASN00003088,-18.8375,126.5247
GHCND:ASN00003089,-17.9492,122.2339
GHCND:ASN00003090,-17.7981,124.0772
GHCND:ASN00003091,-18.9894,125.8478
GHCND:ASN00005084,-21.4606,115.0197
GHCND:ASN00007600,-28.1156,117.8425
GHCND:ASN00009223,-31.8372,115.7692
GHCND:ASN00009244,-31.8219,116.0367
GHCND:ASN00009535,-33.8267,122.4922
GHCND:ASN00009651,-33.5364,115.9472
GHCND:ASN00009778,-33.935,115.0831
GHCND:ASN00009887,-32.5211,115.75
GHCND:ASN00009962,-33.5925,115.8833
GHCND:ASN00009965,-33.3567,115.6447
GHCND:ASN00009966,-33.8578,116.675
GHCND:AE000041196,25.333,55.517
GHCND:AEM00041194,25.255,55.364
GHCND:AEM00041217,24.433,54.651
GHCND:AEM00041218,24.262,55.609
GHCND:ARM00087641,-36.833,-59.883
GHCND:ASN00001031,-13.96,127.1964
GHCND:ASN00003092,-17.8578,122.2725
GHCND:ASN00004103,-21.6672,121.5756
GHCND:ASN00006102,-26.1764,113.215
GHCND:ASN00009178,-31.4628,115.8642
GHCND:ASN00009645,-33.7981,121.1503
GHCND:ASN00009695,-33.3978,115.7536
GHCND:ASN00009959,-33.8453,120.7625
GHCND:ASN00009961,-33.9306,120.1283
GHCND:ASN00009964,-34.5714,117.0106
GHCND:ASN00009967,-34.7772,117.6508
GHCND:ASN00009968,-34.5683,116.3367
GHCND:ASN00010286,-31.6219,117.2217
GHCND:ASN00010311,-31.8997,116.765
GHCND:ASN00001014,-15.9078,128.1289
GHCND:ASN00003093,-18.1814,125.5619
GHCND:ASN00003095,-18.3192,125.7806
GHCND:ASN00005066,-22.7817,115.3706
GHCND:ASN00006007,-26.2739,115.2578
GHCND:ASN00007300,-24.1847,119.7175
GHCND:ASN00008296,-29.2039,116.0247
GHCND:ASN00008297,-30.2761,116.6714
GHCND:ASN00009249,-31.6992,115.8628
GHCND:ASN00009250,-31.9356,115.9639
GHCND:ASN00009570,-34.0183,115.8339
GHCND:ASN00009603,-33.6858,115.4008
GHCND:ASN00001019,-14.2964,126.6453
GHCND:ASN00001032,-14.1472,126.6483
GHCND:ASN00005010,-22.9742,114.4597
GHCND:ASN00005093,-22.3767,118.6886
GHCND:ASN00006042,-24.4117,115.3958
GHCND:ASN00009569,-33.655,115.3194
GHCND:ASN00009644,-33.5903,115.0678
GHCND:ASN00009650,-33.1517,115.6917
GHCND:ASN00009689,-34.7597,117.9597
GHCND:ASN00009974,-35.0955,117.9615
GHCND:ASN00010686,-33.5025,119.9711
GHCND:ASN00010692,-33.1131,118.84
GHCND:ASN00010694,-33.9956,117.9164
GHCND:ASN00010696,-32.6597,118.6319
GHCND:ASN00010698,-32.6258,118.5614
GHCND:ASN00010699,-33.7136,118.1894
GHCND:ASN00010700,-33.4972,117.3131
GHCND:ASN00010701,-33.8922,117.4283
GHCND:ASN00010702,-32.1003,118.8058
GHCND:ASN00010703,-33.9481,118.1125
GHCND:ASN00010704,-33.3281,117.5628
GHCND:ASN00010705,-32.3344,118.8492
GHCND:ASN00010707,-33.9411,118.92
GHCND:ASN00010708,-34.2208,117.9811
GHCND:ASN00010725,-33.4458,117.6614
GHCND:ASN00010729,-34.3439,118.6306
GHCND:ASN00010776,-32.2072,117.4042
GHCND:ASN00010779,-34.0042,118.0536
GHCND:ASN00010792,-34.1692,118.9444
GHCND:ASN00010793,-33.2114,116.9919
GHCND:ASN00010795,-32.1178,116.8678
GHCND:ASN00010797,-34.2514,117.9119
GHCND:ASN00010800,-33.3225,117.2078
GHCND:ASN00010803,-33.0114,118.2389
GHCND:ASN00010806,-33.2706,118.2606
GHCND:ASN00010807,-32.1842,117.9675
GHCND:ASN00010811,-33.1806,120.0883
GHCND:ASN00010823,-32.2344,117.6444
GHCND:ASN00010849,-34.2647,118.8281
GHCND:ASN00010851,-32.8192,119.2936
GHCND:ASN00010866,-33.9317,117.3258
GHCND:ASN00010869,-33.5942,120.1833
GHCND:ASN00010870,-33.6914,119.6608
GHCND:ASN00010872,-33.1722,118.2475
GHCND:ASN00010874,-34.0161,117.2297
GHCND:ASN00010876,-32.7353,116.8381
GHCND:ASN00010877,-33.7139,119.5403
GHCND:ASN00010878,-33.5381,119.6564
GHCND:ASN00010880,-34.3131,118.9894
GHCND:ASN00010881,-32.1336,119.0261
GHCND:ASN00010884,-33.8592,118.125
GHCND:ASN00010888,-32.8125,116.6931
GHCND:ASN00010890,-33.6467,120.4319
GHCND:ASN00010893,-34.3078,117.4347
GHCND:ASN00010894,-32.6322,119.0958
GHCND:ASN00010895,-33.3994,119.9344
GHCND:ASN00010896,-33.4331,120.1178
GHCND:ASN00010897,-34.2206,118.5042
GHCND:ASN00010898,-33.2297,119.9239
GHCND:ASN00010899,-33.1044,118.4897
GHCND:ASN00010900,-32.9297,119.8367
GHCND:ASN00010901,-33.8731,118.2003
GHCND:ASN00010902,-33.7781,119.5019
GHCND:ASN00010903,-32.9258,117.7994
GHCND:ASN00010904,-32.1717,118.6136
GHCND:ASN00010905,-33.8878,119.1092
GHCND:ASN00010909,-32.6756,116.7789
GHCND:AGM00060656,27.7,-8.167
GHCND:ASN00003096,-17.8964,122.3122
GHCND:ASN00005017,-21.6689,115.1092
GHCND:ASN00005094,-20.875,115.4056
GHCND:ASN00007033,-24.3444,119.5808
GHCND:ASN00009112,-31.3928,116.0875
GHCND:ASN00009149,-32.3,115.7147
GHCND:ASN00009253,-32.3906,115.8489
GHCND:ASN00009692,-34.2258,115.7622
GHCND:ASN00009744,-33.6469,115.7031
GHCND:ASN00009746,-34.0281,115.1042
GHCND:ASN00009831,-34.9267,117.8731
GHCND:ASN00001006,-15.51,128.1503
GHCND:ASN00002021,-18.3869,126.9892
GHCND:ASN00002022,-18.016,126.3033
GHCND:ASN00002043,-18.3368,126.1243
GHCND:ASN00003100,-17.9503,124.2653
GHCND:ASN00004106,-21.1756,119.7497
GHCND:ASN00006105,-25.8925,113.5772
GHCND:ASN00007003,-26.0417,116.9528
GHCND:ASN00007205,-24.3075,116.9094
GHCND:ASN00008038,-30.6392,115.9883
GHCND:ASN00008160,-30.5097,116.3728
GHCND:ASN00008174,-30.5456,116.0778
GHCND:ASN00008290,-28.3008,113.5936
GHCND:ASN00008305,-29.2778,114.9464
GHCND:ASN00009248,-31.332,115.9513
GHCND:ASN00009252,-31.7683,116.2475
GHCND:ASN00009745,-34.2503,117.2428
GHCND:ASN00009812,-33.0789,115.8806
GHCND:ASN00009971,-33.7844,115.4075
GHCND:ASN00009972,-33.7333,115.3411
GHCND:ASN00009976,-32.6453,115.8644
GHCND:ASN00010043,-31.7661,116.9167
GHCND:ASN00010308,-31.55,116.4867
GHCND:ASN00010310,-31.7647,116.3464
GHCND:ASN00010511,-32.8022,117.5025
GHCND:ASN00004090,-20.7594,117.1583
GHCND:ASN00005095,-22.9367,116.9731
GHCND:ASN00007104,-23.9958,117.5225
GHCND:ASN00008237,-28.6857,115.2806
GHCND:ASN00008298,-28.7597,114.937
GHCND:ASN00008299,-29.1103,115.3173
GHCND:ASN00008300,-29.0692,115.0915
GHCND:ASN00008304,-28.9571,114.9492
GHCND:ASN00008306,-28.0636,115.1903
GHCND:ASN00008307,-28.89,115.4397
GHCND:ASN00008308,-28.8,115.76
GHCND:ASN00008309,-29.3,115.6597
GHCND:ASN00008310,-29.0291,115.5548
GHCND:ASN00009258,-32.2156,115.8758
GHCND:ASN00009851,-34.9008,118.2019
GHCND:ASN00009852,-34.8883,118.3958
GHCND:ASN00009977,-32.5219,115.7119
GHCND:ASN00010260,-29.6983,118.0342
GHCND:ASN00010307,-31.7936,116.6278
GHCND:ASN00010556,-32.4797,116.8167
GHCND:ASN00010875,-33.9036,117.175
GHCND:ASN00010908,-32.0294,116.8742
GHCND:AGE00147710,36.75,5.1
GHCND:AGM00060353,36.817,5.883
GHCND:AGM00060367,36.9,8.45
GHCND:AGM00060403,36.467,7.467
GHCND:AGM00060405,36.5,7.717
GHCND:AGM00060421,35.867,7.117
GHCND:AGM00060423,36.283,7.967
GHCND:AGM00060452,35.817,-0.267
GHCND:AGM00060476,35.467,7.083
GHCND:AGM00060602,30.133,-2.167
GHCND:AMM00037717,40.567,45
GHCND:ARM00087148,-26.733,-60.483
GHCND:ASN00001035,-15.5969,128.2781
GHCND:ASN00002036,-17.3922,126.2306
GHCND:ASN00003098,-17.0549,125.7108
GHCND:ASN00008054,-30.7989,116.8936
GHCND:ASN00008202,-30.6219,116.3794
GHCND:ASN00009187,-32.0758,115.8469
GHCND:ASN00009256,-32.2433,115.6839
GHCND:ASN00009266,-31.0697,115.9581
GHCND:ASN00009978,-33.7563,115.2096
GHCND:ASN00009979,-33.7622,121.9336
GHCND:ASN00009980,-34.4211,115.8519
GHCND:ASN00009982,-33.3878,115.8538
GHCND:ASN00009994,-33.3608,116.1717
GHCND:ASN00009995,-33.8044,120.6342
GHCND:ASN00010021,-30.2008,117.9389
GHCND:ASN00010031,-31.3742,117.5861
GHCND:ASN00010064,-31.2747,116.5075
GHCND:AFM00040948,34.566,69.212
GHCND:ARM00087904,-50.267,-72.05
GHCND:ASN00006061,-24.9017,114.2164
GHCND:ASN00008303,-28.7214,114.6481
GHCND:ASN00009259,-31.0811,115.8569
GHCND:ASN00009261,-30.2875,115.4656
GHCND:ASN00009987,-33.6414,115.7028
GHCND:ASN00009988,-33.6808,115.6242
GHCND:ASN00009989,-33.6458,115.9553
GHCND:ASN00009990,-33.4775,115.7393
GHCND:ASN00009991,-33.5711,115.8383
GHCND:ASN00009992,-33.5435,115.5509
GHCND:ASN00009997,-33.7647,115.8431
GHCND:AGE00147708,36.72,4.05
GHCND:AGE00147716,35.1,-1.85
GHCND:AGM00060437,36.283,2.733
GHCND:AGM00060514,35.167,2.317
GHCND:AGM00060515,35.333,4.206
GHCND:AGM00060520,35.2,-0.617
GHCND:AGM00060540,34.15,0.067
GHCND:ASN00001020,-14.09,126.3867
GHCND:ASN00003103,-16.7733,122.5767
GHCND:ASN00003104,-17.6406,123.1722
GHCND:ASN00007142,-25.97,118.6233
GHCND:ASN00008312,-28.4928,114.7167
GHCND:ASN00009260,-32.4697,116.2143
GHCND:ASN00009263,-31.8372,115.95
GHCND:ASN00009264,-31.7078,115.7242
GHCND:ASN00009276,-30.5744,115.2231
GHCND:ASN00009776,-33.7931,115.3189
GHCND:ASN00009986,-33.4775,115.9258
GHCND:ASN00009998,-34.9469,116.7222
GHCND:ASN00010750,-32.7286,117.8167
GHCND:ASN00010789,-34.4019,118.1019
GHCND:ASN00010799,-32.6339,118.0103
GHCND:ASN00010816,-33.2064,117.6994
GHCND:ASN00010831,-33.4836,117.61
GHCND:ASN00001001,-15.1806,127.8456
GHCND:ASN00006107,-24.8128,113.7925
GHCND:ASN00010802,-33.4661,118.6361
GHCND:ASN00010911,-33.1006,118.4647
GHCND:ASN00010912,-32.5878,117.6408
GHCND:ASN00010915,-32.75,117.0667
GHCND:ASN00010916,-33.6856,117.6064
GHCND:ASN00010917,-32.6722,116.6706
GHCND:ASN00011003,-31.6797,128.8792
GHCND:ASN00011008,-31.8433,127.8572
GHCND:ASN00003105,-18.1133,125.3428
GHCND:ASN00005090,-21.9711,115.4325
GHCND:ASN00011017,-32.4569,123.8653
GHCND:ASN00011019,-32.2464,126.3008
GHCND:ASN00011029,-31.8097,125.9267
GHCND:ASN00011030,-31.0417,125.2164
GHCND:ASN00011031,-31.3497,125.2231
GHCND:ASN00011032,-31.5803,125.2019
GHCND:ASN00011033,-31.9178,125.3008
GHCND:ASN00011034,-31.6436,124.935
GHCND:ASN00011035,-31.1956,124.8481
GHCND:ASN00011045,-31.09,125.6589
GHCND:ASN00011048,-32.1761,125.3953
GHCND:ASN00011050,-31.0239,126.5842
GHCND:ASN00011051,-33.2986,123.0658
GHCND:ASN00011052,-30.8453,128.1092
GHCND:ASN00012009,-32.2147,121.7547
GHCND:ASN00012011,-30.9869,119.1142
GHCND:ASN00012013,-30.7503,121.7519
GHCND:ASN00012018,-30.9542,121.1656
GHCND:ASN00012025,-27.9331,120.0575
GHCND:ASN00012026,-31.6419,118.9019
GHCND:ASN00012028,-33.0372,121.6644
GHCND:ASN00012038,-30.7847,121.4533
GHCND:ASN00012043,-29.3361,121.4944
GHCND:ASN00012044,-33.5547,120.6997
GHCND:ASN00012045,-28.6306,122.4072
GHCND:ASN00012046,-28.8836,121.3303
GHCND:ASN00012054,-31.4161,119.0467
GHCND:ASN00012056,-31.5939,119.1419
GHCND:ASN00012064,-31.3356,118.98
GHCND:ASN00012065,-32.1981,121.7794
GHCND:ASN00012066,-30.3764,121.0633
GHCND:ASN00012067,-28.1969,120.4378
GHCND:ASN00012070,-32.9803,121.6433
GHCND:ASN00012071,-32.9869,121.6239
GHCND:ASN00012072,-27.9875,119.2961
GHCND:ASN00012074,-31.2319,119.3281
GHCND:ASN00012077,-32.8606,121.7081
GHCND:ASN00012079,-31.0381,119.3064
GHCND:ASN00012082,-28.0067,121.0789
GHCND:ASN00012083,-31.3011,118.6922
GHCND:ASN00012088,-27.575,120.5319
GHCND:ASN00012090,-27.2842,120.0931
GHCND:ASN00012092,-28.5606,119.0161
GHCND:ASN00012093,-29.2472,122.1022
GHCND:ASN00012101,-31.3211,118.5475
GHCND:ASN00012107,-33.4225,121.9894
GHCND:ASN00012108,-27.1397,121.3397
GHCND:ASN00012117,-31.2186,121.6181
GHCND:ASN00012141,-30.0242,119.28
GHCND:ASN00012152,-31.2617,120.0219
GHCND:ASN00012176,-28.6781,120.9706
GHCND:ASN00012187,-29.4711,121.8272
GHCND:ASN00012198,-33.3844,121.4494
GHCND:ASN00012201,-31.7036,119.2378
GHCND:ASN00012204,-31.0931,120.6908
GHCND:ASN00012205,-29.7514,120.5669
GHCND:ASN00012220,-31.0089,122.3567
GHCND:ASN00012221,-31.3692,118.8361
GHCND:ASN00012223,-33.2242,121.3544
GHCND:ASN00012227,-30.8183,119.5197
GHCND:ASN00012239,-28.4967,119.7436
GHCND:ASN00012262,-33.4539,120.7656
GHCND:ASN00012267,-33.5425,121.2014
GHCND:ASN00012280,-27.7036,121.6131
GHCND:ASN00012281,-33.5969,120.7578
GHCND:ASN00012283,-28.7175,121.1506
GHCND:ASN00012284,-31.9197,119.2575
GHCND:ASN00012285,-27.5489,121.8286
GHCND:ASN00012291,-33.4578,120.915
GHCND:ASN00012295,-31.1003,118.6019
GHCND:ASN00012298,-31.7575,119.4522
GHCND:AGM00060369,36.767,3.1
GHCND:AGM00060461,35.7,-0.65
GHCND:AGM00060557,33.267,-0.3
GHCND:AGM00060603,29.717,6.7
GHCND:ASN00012033,-33.2256,121.7375
GHCND:ASN00012300,-27.9172,120.7
GHCND:ASN00012305,-28.6133,122.4236
GHCND:ASN00012306,-33.5239,122.9469
GHCND:ASN00012308,-33.3356,122.0697
GHCND:ASN00012312,-33.5906,122.4519
GHCND:ASN00012314,-27.8386,120.7031
GHCND:ASN00012318,-29.3494,120.4006
GHCND:ASN00012320,-31.2353,119.3564
GHCND:ASN00013002,-25.2661,122.0433
GHCND:ASN00013006,-26.4006,120.9539
GHCND:ASN00013007,-20.1417,127.9867
GHCND:ASN00013011,-26.1317,126.5839
GHCND:ASN00013012,-26.5914,120.225
GHCND:ASN00013015,-25.7964,122.9753
GHCND:ASN00013017,-25.0341,128.301
GHCND:ASN00013018,-26.1208,121.9403
GHCND:ASN00013024,-26.5172,122.8078
GHCND:ASN00013030,-21.7125,122.2281
GHCND:ASN00013032,-25.6361,121.3533
GHCND:ASN00013035,-27.0336,122.4439
GHCND:ASN00013038,-25.7069,120.3478
GHCND:ASN00013039,-26.5994,120.3417
GHCND:ASN00014009,-12.5547,130.8677
GHCND:ASN00014013,-12.81,130.4576
GHCND:ASN00014015,-12.4239,130.8925
GHCND:ASN00014021,-13.1137,130.7981
GHCND:ASN00014022,-12.8136,130.9875
GHCND:ASN00014040,-12.4227,130.8844
GHCND:ASN00014042,-12.3263,133.0581
GHCND:ASN00014055,-13.481,131.1173
GHCND:ASN00014059,-14.0829,131.8099
GHCND:ASN00014062,-14.1435,132.1925
GHCND:ASN00014070,-12.49,130.9881
GHCND:ASN00014086,-12.6495,131.3181
GHCND:ASN00014092,-13.2373,131.1042
GHCND:ASN00014112,-12.3786,130.8469
GHCND:ASN00014116,-12.4429,130.9325
GHCND:ASN00014141,-12.4428,130.9556
GHCND:ASN00014142,-11.4022,130.4217
GHCND:ASN00014143,-12.8003,131.0507
GHCND:ASN00014144,-12.3962,130.8785
GHCND:ASN00014145,-12.5777,131.2535
GHCND:ASN00014149,-12.4558,131.0505
GHCND:ASN00014153,-11.1538,132.143
GHCND:ASN00014158,-12.5045,130.9906
GHCND:ASN00014160,-12.5723,131.1006
GHCND:ASN00014163,-12.4396,130.8376
GHCND:ASN00014167,-12.4648,130.8495
GHCND:ASN00014170,-12.4582,130.8283
GHCND:ASN00014183,-12.8324,130.9713
GHCND:ASN00014198,-12.6594,132.8939
GHCND:ASN00014210,-12.4721,130.9924
GHCND:ASN00014219,-12.5491,131.0794
GHCND:ASN00014222,-12.6374,131.0763
GHCND:ASN00014224,-13.8062,132.197
GHCND:ASN00014226,-12.5764,131.0829
GHCND:ASN00014227,-12.3887,130.9248
GHCND:ASN00014238,-12.4346,130.7491
GHCND:ASN00014245,-11.3081,131.7651
GHCND:ASN00014246,-12.3784,130.9057
GHCND:ASN00014249,-11.2038,132.0527
GHCND:ASN00014251,-13.5548,132.2731
GHCND:ASN00014252,-12.6759,132.4803
GHCND:ASN00014253,-13.1672,130.1225
GHCND:ASN00014259,-12.3602,130.9829
GHCND:ASN00014260,-12.4819,130.8978
GHCND:ASN00014261,-12.4261,130.853
GHCND:ASN00014263,-12.5858,131.7609
GHCND:ASN00014264,-12.7121,130.9889
GHCND:ASN00014272,-13.0545,131.0252
GHCND:ASN00014274,-11.0468,132.9791
GHCND:ASN00014275,-12.7164,131.8206
GHCND:ASN00014277,-12.635,130.3725
GHCND:ASN00014279,-13.0807,130.6927
GHCND:ASN00014282,-14.0993,131.8019
GHCND:ASN00014285,-12.3551,130.8857
GHCND:ASN00014288,-11.7782,130.5579
GHCND:ASN00014400,-12.0482,134.2263
GHCND:ASN00014401,-11.6502,133.3796
GHCND:ASN00014405,-12.0569,134.2339
GHCND:ASN00014507,-13.8483,136.4198
GHCND:ASN00014508,-12.2741,136.8203
GHCND:ASN00014512,-12.1939,136.7637
GHCND:ASN00014515,-12.5013,135.8001
GHCND:ASN00014517,-11.9971,135.5726
GHCND:ASN00014518,-13.9747,136.4631
GHCND:ASN00014602,-14.1394,134.4742
GHCND:ASN00014607,-16.1891,133.3286
GHCND:ASN00014610,-14.923,133.132
GHCND:ASN00014612,-15.5748,133.2138
GHCND:ASN00014618,-16.253,133.37
GHCND:ASN00014621,-15.8087,134.1477
GHCND:ASN00014623,-14.9573,133.3299
GHCND:ASN00014626,-16.2636,133.3782
GHCND:ASN00014628,-16.455,134.6504
GHCND:ASN00014638,-15.527,132.6533
GHCND:ASN00014639,-15.9179,132.3831
GHCND:ASN00014641,-14.924,133.0624
GHCND:ASN00014642,-14.8384,132.9678
GHCND:ASN00014644,-15.0041,133.077
GHCND:ASN00014645,-15.2654,135.5016
GHCND:ASN00014646,-14.8528,134.036
GHCND:ASN00014647,-15.2712,132.9127
GHCND:ASN00014648,-14.134,133.1094
GHCND:ASN00014649,-14.9217,134.0587
GHCND:ASN00014650,-14.9147,133.127
GHCND:ASN00014652,-14.5264,132.8006
GHCND:ASN00014654,-14.3295,133.1176
GHCND:ASN00014702,-16.9756,135.8132
GHCND:ASN00014703,-15.7426,136.8192
GHCND:ASN00014704,-16.4423,136.076
GHCND:ASN00014705,-17.2314,137.3308
GHCND:ASN00014707,-17.2122,137.9462
GHCND:ASN00014718,-17.1916,137.7429
GHCND:ASN00014719,-15.5789,135.4271
GHCND:ASN00014720,-17.9178,136.9051
GHCND:ASN00014723,-16.0757,136.3041
GHCND:ASN00014729,-15.6293,136.3881
GHCND:ASN00014730,-14.1055,133.3422
GHCND:ASN00014802,-17.0365,131.2941
GHCND:ASN00014803,-15.2085,129.4502
GHCND:ASN00014807,-16.6652,131.7642
GHCND:ASN00014814,-15.6844,130.0098
GHCND:ASN00014815,-16.6346,129.3282
GHCND:ASN00014816,-15.7372,131.5345
GHCND:ASN00014817,-15.3482,130.2763
GHCND:ASN00014820,-16.0498,129.2649
GHCND:ASN00014821,-16.4583,129.0058
GHCND:ASN00014824,-16.1196,130.4282
GHCND:ASN00014825,-16.403,131.0145
GHCND:ASN00014829,-18.3325,130.6358
GHCND:ASN00014831,-17.9041,130.2268
GHCND:ASN00014833,-17.4466,130.8391
GHCND:ASN00014840,-17.3871,131.1166
GHCND:AGM00060471,35.333,5.333
GHCND:ASN00008313,-28.9728,114.7711
GHCND:ASN00011053,-32.2028,127.5297
GHCND:ASN00014041,-12.605,131.2988
GHCND:ASN00014049,-12.4353,130.8374
GHCND:ASN00014113,-12.3559,131.4932
GHCND:ASN00014204,-13.7578,131.574
GHCND:ASN00014265,-12.4126,130.9202
GHCND:ASN00014501,-12.2561,136.8979
GHCND:ASN00014609,-14.7295,134.7274
GHCND:ASN00014627,-13.6714,134.3414
GHCND:ASN00014847,-16.1176,130.9558
GHCND:ASN00014850,-15.6614,130.4808
GHCND:ASN00014853,-15.97,129.0407
GHCND:ASN00014855,-17.3354,129.2892
GHCND:ASN00014857,-19.2798,129.9422
GHCND:ASN00014864,-16.3541,131.5147
GHCND:ASN00014866,-17.6129,130.0713
GHCND:ASN00014903,-14.4437,132.2737
GHCND:ASN00014909,-13.3275,133.0861
GHCND:ASN00014910,-14.4741,132.3053
GHCND:ASN00014917,-14.0155,131.6105
GHCND:ASN00014921,-15.2869,131.5816
GHCND:ASN00014927,-14.3731,132.1566
GHCND:ASN00014932,-14.5229,132.3826
GHCND:ASN00014938,-13.7379,130.6834
GHCND:ASN00014941,-13.9156,131.2118
GHCND:ASN00014942,-14.28,132.8346
GHCND:ASN00014947,-14.0106,132.2084
GHCND:ASN00014950,-14.1243,132.6378
GHCND:ASN00014951,-15.4219,132.2722
GHCND:ASN00014955,-14.3202,132.4226
GHCND:ASN00014956,-13.9487,131.3191
GHCND:ASN00014960,-13.8242,131.8321
GHCND:ASN00014962,-14.254,132.7357
GHCND:ASN00014966,-14.3148,132.4248
GHCND:ASN00014967,-14.3055,132.0772
GHCND:ASN00015015,-18.4336,133.8774
GHCND:ASN00015085,-18.637,135.945
GHCND:ASN00015088,-19.0579,136.7066
GHCND:ASN00015135,-19.6423,134.1833
GHCND:ASN00015139,-19.933,134.3548
GHCND:ASN00015501,-23.1273,133.836
GHCND:ASN00015503,-23.0364,134.6801
GHCND:ASN00015511,-25.3139,131.7571
GHCND:ASN00015521,-23.2837,134.4229
GHCND:ASN00015528,-22.2562,131.8017
GHCND:ASN00015560,-22.1086,137.9819
GHCND:ASN00015564,-23.8757,133.4704
GHCND:ASN00015575,-23.3732,134.7503
GHCND:ASN00015584,-21.6743,136.6654
GHCND:ASN00015585,-21.7498,135.2382
GHCND:ASN00015590,-23.7951,133.889
GHCND:ASN00015594,-23.4564,134.6849
GHCND:ASN00015600,-25.6766,134.8333
GHCND:ASN00015602,-22.9494,136.1442
GHCND:ASN00015603,-25.8428,133.3027
GHCND:ASN00015607,-22.1305,132.0812
GHCND:ASN00015608,-21.0434,134.6752
GHCND:ASN00015611,-22.7228,131.1685
GHCND:ASN00015612,-23.2044,131.9156
GHCND:ASN00015618,-22.2747,137.9733
GHCND:ASN00015620,-22.6577,136.7998
GHCND:ASN00015626,-22.3961,134.2335
GHCND:ASN00015641,-20.5476,130.3466
GHCND:ASN00015642,-24.1267,133.0848
GHCND:ASN00015643,-22.4518,133.6377
GHCND:ASN00015646,-22.4787,134.5307
GHCND:ASN00015647,-23.2531,136.3816
GHCND:ASN00015650,-23.2308,132.6259
GHCND:ASN00015652,-24.2914,131.5488
GHCND:ASN00015653,-22.9689,134.2415
GHCND:ASN00015654,-23.9953,131.5533
GHCND:ASN00015657,-20.4442,135.2631
GHCND:ASN00015660,-25.3602,131.0196
GHCND:ASN00015661,-22.2109,134.1182
GHCND:ASN00015667,-23.6338,132.7311
GHCND:ASN00015669,-21.5142,133.9933
GHCND:ASN00015671,-23.5232,133.6792
GHCND:ASN00015673,-23.5312,134.3743
GHCND:ASN00015675,-23.7517,133.7812
GHCND:ASN00016000,-31.0228,137.0494
GHCND:ASN00016001,-31.1558,136.8054
GHCND:ASN00016003,-30.1658,134.8928
GHCND:ASN00016005,-32.3997,137.225
GHCND:ASN00016006,-29.9434,134.1506
GHCND:ASN00016007,-29.004,134.7564
GHCND:ASN00016009,-31.0623,135.8659
GHCND:ASN00016021,-31.2609,135.2374
GHCND:ASN00016028,-30.0047,136.0445
GHCND:ASN00016030,-30.1809,135.6629
GHCND:ASN00016031,-30.2406,133.9885
GHCND:ASN00016032,-32.5226,136.4926
GHCND:ASN00016033,-31.6611,137.0382
GHCND:ASN00016035,-30.4027,136.392
GHCND:ASN00016038,-32.4827,137.7576
GHCND:ASN00016040,-30.7037,136.7533
GHCND:ASN00016043,-31.6338,137.6218
GHCND:ASN00016055,-32.3792,135.5247
GHCND:ASN00016065,-30.449,137.1692
GHCND:ASN00016067,-32.4398,136.0671
GHCND:ASN00016083,-26.7134,135.0782
GHCND:ASN00016086,-31.7646,135.6494
GHCND:ASN00016087,-29.6403,134.787
GHCND:ASN00016088,-27.315,133.2979
GHCND:ASN00016090,-29.0347,134.7222
GHCND:ASN00016095,-26.2085,133.8545
GHCND:ASN00016096,-30.4829,136.8772
GHCND:ASN00016097,-26.2635,132.1771
GHCND:ASN00016098,-30.7051,134.5786
GHCND:ASN00017022,-28.1696,139.6105
GHCND:ASN00017024,-30.066,138.2739
GHCND:ASN00017026,-28.3724,139.9724
GHCND:ASN00017031,-29.6481,138.0637
GHCND:ASN00017032,-30.9904,138.5787
GHCND:ASN00017037,-29.239,137.9058
GHCND:ASN00017041,-30.9372,138.8919
GHCND:ASN00017043,-27.5553,135.4456
GHCND:ASN00017049,-30.4291,138.9808
GHCND:ASN00017054,-31.1278,138.9618
GHCND:ASN00017056,-30.4132,139.4198
GHCND:ASN00017067,-28.0183,138.6637
GHCND:ASN00017070,-26.0702,135.2471
GHCND:ASN00017076,-29.2781,138.3823
GHCND:ASN00017089,-27.7205,138.2548
GHCND:ASN00017097,-31.0885,138.7412
GHCND:ASN00017098,-31.1881,138.2785
GHCND:ASN00017099,-30.311,139.3357
GHCND:ASN00017110,-30.5963,138.4219
GHCND:ASN00017111,-28.1484,140.8672
GHCND:ASN00017112,-27.6908,140.1066
GHCND:ASN00017119,-30.8406,138.3224
GHCND:ASN00017123,-28.0997,140.1956
GHCND:ASN00017125,-27.5347,140.4736
GHCND:ASN00017126,-29.6587,138.0684
GHCND:ASN00017128,-30.0728,137.5666
GHCND:ASN00017130,-29.7138,137.9017
GHCND:ASN00017131,-29.9062,139.7345
GHCND:ASN00017132,-28.719,138.6341
GHCND:ASN00017136,-30.6024,138.6888
GHCND:ASN00018001,-33.9118,136.5697
GHCND:ASN00018002,-31.831,132.6262
GHCND:ASN00018005,-34.0586,135.5036
GHCND:ASN00018006,-33.1217,137.2273
GHCND:ASN00018007,-34.1003,135.8415
GHCND:ASN00018011,-32.1267,133.6725
GHCND:ASN00018012,-32.1297,133.6976
GHCND:ASN00018014,-33.7011,136.4937
GHCND:ASN00018019,-34.3853,135.4697
GHCND:ASN00018022,-33.6772,136.9116
GHCND:ASN00018023,-34.2644,135.7266
GHCND:ASN00018024,-33.4678,136.2113
GHCND:ASN00018033,-31.9674,133.7658
GHCND:ASN00018034,-32.7324,137.1505
GHCND:ASN00018036,-32.7357,134.9709
GHCND:ASN00018040,-33.1414,136.4125
GHCND:ASN00018043,-34.4139,135.8224
GHCND:ASN00018044,-33.1332,135.5552
GHCND:ASN00018046,-33.5679,135.7571
GHCND:ASN00018047,-32.0723,133.9401
GHCND:ASN00018056,-33.4839,135.1592
GHCND:ASN00018058,-33.2122,137.3623
GHCND:ASN00018059,-33.1257,137.3639
GHCND:ASN00018060,-31.7782,132.2038
GHCND:ASN00018063,-31.932,133.0056
GHCND:ASN00018069,-33.6501,134.888
GHCND:ASN00018071,-34.6017,135.8732
GHCND:ASN00018074,-32.7255,137.4028
GHCND:ASN00018077,-32.3752,133.9353
GHCND:ASN00018079,-32.7963,134.2116
GHCND:ASN00018083,-33.043,135.4519
GHCND:ASN00018086,-34.3756,136.1026
GHCND:ASN00018088,-34.1806,136.049
GHCND:ASN00018089,-33.3173,136.2515
GHCND:ASN00018090,-33.2421,135.5978
GHCND:ASN00018091,-34.2617,136.2092
GHCND:ASN00018094,-32.4035,134.5323
GHCND:ASN00018095,-33.046,135.4601
GHCND:ASN00018096,-33.6824,136.6831
GHCND:ASN00018098,-32.9475,135.2754
GHCND:ASN00018101,-33.1567,135.8668
GHCND:ASN00018106,-31.4492,130.8976
GHCND:ASN00018107,-34.5911,135.7572
GHCND:ASN00018113,-33.965,136.2472
GHCND:ASN00018115,-35.3365,136.1174
GHCND:ASN00018116,-33.7081,136.5026
GHCND:ASN00018117,-33.1087,137.1737
GHCND:ASN00018118,-32.5086,134.2138
GHCND:ASN00018120,-33.0539,137.5205
GHCND:ASN00018144,-34.5424,135.6997
GHCND:ASN00018150,-33.1697,134.6917
GHCND:ASN00018162,-32.5423,134.3852
GHCND:ASN00018165,-33.5733,135.602
GHCND:ASN00018171,-34.1361,135.3319
GHCND:ASN00018172,-32.921,135.9996
GHCND:ASN00018174,-33.7234,136.1511
GHCND:ASN00018175,-34.0386,136.0107
GHCND:ASN00018176,-33.3416,136.7518
GHCND:ASN00018182,-31.9661,133.3316
GHCND:ASN00018184,-33.6125,136.3722
GHCND:ASN00018188,-34.6252,135.4725
GHCND:ASN00018189,-33.7516,135.1863
GHCND:ASN00018190,-32.9004,136.1858
GHCND:ASN00018191,-34.3749,135.3741
GHCND:ASN00018192,-34.5993,135.8784
GHCND:ASN00018193,-33.0267,136.3171
GHCND:ASN00018195,-32.8427,135.1515
GHCND:ASN00018198,-33.4138,136.5989
GHCND:ASN00018201,-32.5091,137.7144
GHCND:ASN00018203,-34.344,136.0471
GHCND:ASN00018205,-34.7405,135.845
GHCND:ASN00018208,-33.231,135.4095
GHCND:ASN00018209,-33.8189,135.4857
GHCND:ASN00018211,-32.9392,135.078
GHCND:ASN00018213,-33.7412,135.0804
GHCND:ASN00018214,-32.9232,136.4778
GHCND:ASN00019001,-33.0524,138.4277
GHCND:ASN00019002,-32.2507,137.9776
GHCND:ASN00019004,-32.2425,138.7105
GHCND:ASN00019005,-32.8247,138.6907
GHCND:ASN00019006,-32.881,138.3519
GHCND:ASN00019008,-32.4618,138.2004
GHCND:ASN00012051,-29.8272,121.9158
GHCND:ASN00014050,-12.4706,130.8455
GHCND:ASN00014208,-12.6686,132.8358
GHCND:ASN00014244,-12.7642,131.1597
GHCND:ASN00014256,-12.9038,132.5255
GHCND:ASN00014516,-13.7821,136.1954
GHCND:ASN00014800,-16.2566,131.7531
GHCND:ASN00014836,-17.8484,129.6361
GHCND:ASN00014852,-17.9977,129.3459
GHCND:ASN00014948,-14.2495,129.5282
GHCND:ASN00014954,-14.9408,130.8092
GHCND:ASN00015086,-17.3789,133.4099
GHCND:ASN00015554,-22.2984,130.8499
GHCND:ASN00015555,-20.5649,129.7252
GHCND:ASN00015623,-23.6938,134.0354
GHCND:ASN00015633,-24.0636,132.7444
GHCND:ASN00015635,-25.1896,130.9737
GHCND:ASN00015639,-25.1783,132.6763
GHCND:ASN00015658,-22.8094,132.5995
GHCND:ASN00015664,-23.27,129.38
GHCND:ASN00017028,-27.724,140.7633
GHCND:ASN00017030,-27.2547,135.648
GHCND:ASN00017115,-29.1266,140.9018
GHCND:ASN00017127,-28.4809,135.9211
GHCND:ASN00007001,-26.9667,117.9167
GHCND:ASN00007162,-25.58,117.7567
GHCND:ASN00009169,-30.5006,115.0664
GHCND:ASN00009605,-34.3667,117.55
GHCND:ASN00010230,-31.65,117.1
GHCND:ASN00011009,-32.6681,123.5831
GHCND:ASN00011010,-32.3114,123.7261
GHCND:ASN00012008,-27.7556,119.9078
GHCND:ASN00012027,-29.8119,122.3547
GHCND:ASN00012240,-28.3514,127.5169
GHCND:ASN00012241,-28.8789,121.3186
GHCND:ASN00012311,-33.4656,122.3972
GHCND:ASN00013040,-27.1542,124.5747
GHCND:ASN00013043,-22.8189,122.5956
GHCND:ASN00014039,-12.6836,130.5853
GHCND:ASN00014048,-12.2248,131.0923
GHCND:ASN00014073,-13.5835,131.4576
GHCND:ASN00014205,-13.6314,131.6311
GHCND:ASN00014206,-12.7271,130.9475
GHCND:ASN00014235,-12.4019,130.8961
GHCND:ASN00014237,-13.2287,131.1355
GHCND:ASN00014239,-13.1129,130.4937
GHCND:ASN00014254,-12.2435,131.8785
GHCND:ASN00014284,-12.6827,132.4736
GHCND:ASN00014289,-12.3723,130.8665
GHCND:ASN00014404,-12.0931,134.8919
GHCND:ASN00014600,-13.9521,133.9637
GHCND:ASN00014653,-14.2573,133.5942
GHCND:ASN00014828,-16.3896,131.5573
GHCND:ASN00014839,-15.6283,131.6357
GHCND:ASN00014854,-17.8581,130.8841
GHCND:ASN00014867,-16.9567,130.5675
GHCND:ASN00014901,-13.8345,131.1872
GHCND:ASN00014902,-14.4589,132.2572
GHCND:ASN00014906,-14.2,130.9
GHCND:ASN00014913,-13.7447,130.4935
GHCND:ASN00014925,-13.7352,131.0437
GHCND:ASN00014940,-14.4995,131.3469
GHCND:ASN00014959,-14.4524,131.686
GHCND:ASN00014970,-14.1084,132.9004
GHCND:ASN00015005,-20.0298,137.4906
GHCND:ASN00015027,-18.9485,135.1934
GHCND:ASN00015125,-18.8055,137.0872
GHCND:ASN00015131,-17.5521,133.5407
GHCND:ASN00015531,-23.9409,132.7824
GHCND:ASN00015536,-24.6685,134.0721
GHCND:ASN00015547,-22.6167,135.0333
GHCND:ASN00015553,-23.5102,133.2685
GHCND:ASN00015559,-22.8031,137.2965
GHCND:ASN00015574,-25.2219,133.1955
GHCND:ASN00015579,-24.0137,135.4268
GHCND:ASN00015588,-23.3845,134.6841
GHCND:ASN00015595,-25.4108,135.2906
GHCND:ASN00015610,-23.3292,135.44
GHCND:ASN00015628,-23.7233,133.8792
GHCND:ASN00015638,-23.6853,132.6722
GHCND:ASN00015672,-20.5338,129.9364
GHCND:ASN00016008,-26.1033,131.2064
GHCND:ASN00016022,-31.9956,134.8829
GHCND:ASN00016024,-31.7397,135.1722
GHCND:ASN00016027,-29.8409,134.9035
GHCND:ASN00016036,-31.4831,137.4805
GHCND:ASN00016046,-32.4395,135.773
GHCND:ASN00016059,-29.8113,133.3603
GHCND:ASN00016082,-28.2415,134.9899
GHCND:ARM00087800,-41.943,-71.532
GHCND:ASN00009710,-33.3,115.8
GHCND:ASN00010068,-29.5858,116.9622
GHCND:ASN00011025,-31.7219,126.5889
GHCND:ASN00012001,-27.2878,120.3919
GHCND:ASN00012140,-33.3619,121.0614
GHCND:ASN00013005,-26.2225,121.5561
GHCND:ASN00014090,-12.5781,131.3145
GHCND:ASN00014173,-13.3787,131.5047
GHCND:ASN00014266,-12.4121,130.9669
GHCND:ASN00014509,-12.2609,136.8391
GHCND:ASN00014613,-15.8326,133.4008
GHCND:ASN00014713,-19.1385,137.8736
GHCND:ASN00014856,-18.3902,129.4299
GHCND:ASN00014865,-16.9818,130.5599
GHCND:ASN00014868,-16.8525,131.1597
GHCND:ASN00014900,-15.244,132.155
GHCND:ASN00014907,-13.4277,130.4936
GHCND:ASN00014965,-14.1882,132.3961
GHCND:ASN00015004,-20.502,137.7744
GHCND:ASN00015040,-20.0518,137.018
GHCND:ASN00015041,-18.0014,134.8618
GHCND:ASN00015081,-17.9776,135.532
GHCND:ASN00015123,-18.8689,134.4991
GHCND:ASN00015147,-17.7839,135.6627
GHCND:ASN00015150,-17.2438,136.1839
GHCND:ASN00015507,-22.3847,133.0518
GHCND:ASN00015510,-25.9551,133.2111
GHCND:ASN00015523,-23.4062,132.2437
GHCND:ASN00015535,-22.0496,132.4948
GHCND:ASN00015537,-20.5003,134.662
GHCND:ASN00015551,-22.8953,135.4595
GHCND:ASN00015601,-23.1725,132.1498
GHCND:ASN00015644,-25.5745,132.8358
GHCND:ASN00010715,-34.2,117.8
GHCND:ASN00012191,-30.8958,124.8658
GHCND:ASN00014605,-14.823,133.7013
GHCND:ASN00014637,-14.0409,134.0945
GHCND:ASN00014732,-15.9332,136.4778
GHCND:ASN00014939,-14.8648,131.8443
GHCND:ASN00015103,-17.6744,134.251
GHCND:ASN00015525,-21.5317,133.8901
GHCND:ASN00016047,-27.1391,134.7575
GHCND:ASN00012114,-33.6839,120.6958
GHCND:ASN00013034,-27.0336,120.9233
GHCND:ASN00014716,-16.4475,135.2167
GHCND:ASN00014801,-16.4833,130.6167
GHCND:ASN00014810,-15.4667,129.7675
GHCND:ASN00015616,-23.5943,134.4887
GHCND:ASN00017014,-31.0939,138.6786
GHCND:ASN00017113,-31.0086,138.2294
GHCND:ASN00017139,-30.2883,138.3525
GHCND:ASN00009267,-31.7003,116.1853
GHCND:ASN00012247,-30.2817,121.7606
GHCND:ASN00014032,-12.3889,131.1767
GHCND:AFM00040938,34.21,62.228
GHCND:AFM00040990,31.5,65.85
GHCND:ASN00012015,-28.6678,121.1617
GHCND:ASN00012304,-27.9283,121.3047
GHCND:ASN00014715,-16.6597,135.852
GHCND:ASN00015508,-24.2691,134.4028
GHCND:ASN00015619,-23.8398,134.5089
GHCND:ASN00015640,-25.9054,131.6711
GHCND:AQC00914141,-14.26667,-170.61667
GHCND:ASN00010507,-32.1167,118.0167
GHCND:ASN00012062,-28.3897,121.6775
GHCND:ASN00013014,-25.8181,120.1706
GHCND:ASN00014712,-15.5756,134.0952
GHCND:ASN00014830,-17.5966,131.5444
GHCND:ASN00015518,-22.5096,132.7525
GHCND:ASN00015524,-24.9951,133.7876
GHCND:ASN00015543,-22.6459,133.3457
GHCND:ASN00015604,-22.441,136.2916
GHCND:ASN00015624,-25.9891,132.9748
GHCND:AO000066390,-14.933,13.567
GHCND:ASN00006062,-24.9,113.65
GHCND:ASN00014806,-16.4155,132.0857
GHCND:ASN00014961,-14.5543,132.2241
GHCND:ASN00016025,-31.7293,136.4448
GHCND:ASN00017004,-28.8921,136.1688
GHCND:ASN00017012,-30.8246,138.3822
GHCND:ASN00017058,-29.0175,138.4606
GHCND:ASN00017106,-30.8718,140.971
GHCND:ASN00018017,-34.6266,135.6992
GHCND:ASN00018031,-32.868,137.0029
GHCND:ASN00018037,-33.1861,136.559
GHCND:ASN00018045,-33.9534,135.2682
GHCND:ASN00014611,-16.6793,133.4131
GHCND:ASN00015631,-23.5409,133.921
GHCND:ASN00018049,-34.1201,136.1609
GHCND:ASN00018057,-32.9916,135.5482
GHCND:ASN00018099,-34.1413,135.73
GHCND:ASN00018104,-34.3494,135.8979
GHCND:ASN00018110,-30.6143,130.4136
GHCND:ASN00018114,-30.1591,131.579
